run_accession	fastq_ftp	lane	sample	condition
ERR458493	ftp.sra.ebi.ac.uk/vol1/fastq/ERR458/ERR458493/ERR458493.fastq.gz	1	SA-PE-039	wt
ERR458494	ftp.sra.ebi.ac.uk/vol1/fastq/ERR458/ERR458494/ERR458494.fastq.gz	2	SA-PE-039	wt
ERR458495	ftp.sra.ebi.ac.uk/vol1/fastq/ERR458/ERR458495/ERR458495.fastq.gz	3	SA-PE-039	wt
ERR458496	ftp.sra.ebi.ac.uk/vol1/fastq/ERR458/ERR458496/ERR458496.fastq.gz	4	SA-PE-039	wt
ERR458497	ftp.sra.ebi.ac.uk/vol1/fastq/ERR458/ERR458497/ERR458497.fastq.gz	5	SA-PE-039	wt
ERR458498	ftp.sra.ebi.ac.uk/vol1/fastq/ERR458/ERR458498/ERR458498.fastq.gz	6	SA-PE-039	wt
ERR458499	ftp.sra.ebi.ac.uk/vol1/fastq/ERR458/ERR458499/ERR458499.fastq.gz	7	SA-PE-039	wt
ERR458500	ftp.sra.ebi.ac.uk/vol1/fastq/ERR458/ERR458500/ERR458500.fastq.gz	1	SA-PE-096	mu
ERR458501	ftp.sra.ebi.ac.uk/vol1/fastq/ERR458/ERR458501/ERR458501.fastq.gz	2	SA-PE-096	mu
ERR458502	ftp.sra.ebi.ac.uk/vol1/fastq/ERR458/ERR458502/ERR458502.fastq.gz	3	SA-PE-096	mu
ERR458503	ftp.sra.ebi.ac.uk/vol1/fastq/ERR458/ERR458503/ERR458503.fastq.gz	4	SA-PE-096	mu
ERR458504	ftp.sra.ebi.ac.uk/vol1/fastq/ERR458/ERR458504/ERR458504.fastq.gz	5	SA-PE-096	mu
ERR458505	ftp.sra.ebi.ac.uk/vol1/fastq/ERR458/ERR458505/ERR458505.fastq.gz	6	SA-PE-096	mu
ERR458506	ftp.sra.ebi.ac.uk/vol1/fastq/ERR458/ERR458506/ERR458506.fastq.gz	7	SA-PE-096	mu
ERR458507	ftp.sra.ebi.ac.uk/vol1/fastq/ERR458/ERR458507/ERR458507.fastq.gz	1	SA-PE-021	mu
ERR458508	ftp.sra.ebi.ac.uk/vol1/fastq/ERR458/ERR458508/ERR458508.fastq.gz	2	SA-PE-021	mu
ERR458509	ftp.sra.ebi.ac.uk/vol1/fastq/ERR458/ERR458509/ERR458509.fastq.gz	3	SA-PE-021	mu
ERR458510	ftp.sra.ebi.ac.uk/vol1/fastq/ERR458/ERR458510/ERR458510.fastq.gz	4	SA-PE-021	mu
ERR458511	ftp.sra.ebi.ac.uk/vol1/fastq/ERR458/ERR458511/ERR458511.fastq.gz	5	SA-PE-021	mu
ERR458512	ftp.sra.ebi.ac.uk/vol1/fastq/ERR458/ERR458512/ERR458512.fastq.gz	6	SA-PE-021	mu
ERR458513	ftp.sra.ebi.ac.uk/vol1/fastq/ERR458/ERR458513/ERR458513.fastq.gz	7	SA-PE-021	mu
ERR458514	ftp.sra.ebi.ac.uk/vol1/fastq/ERR458/ERR458514/ERR458514.fastq.gz	1	SA-PE-028	mu
ERR458515	ftp.sra.ebi.ac.uk/vol1/fastq/ERR458/ERR458515/ERR458515.fastq.gz	2	SA-PE-028	mu
ERR458516	ftp.sra.ebi.ac.uk/vol1/fastq/ERR458/ERR458516/ERR458516.fastq.gz	3	SA-PE-028	mu
ERR458517	ftp.sra.ebi.ac.uk/vol1/fastq/ERR458/ERR458517/ERR458517.fastq.gz	4	SA-PE-028	mu
ERR458518	ftp.sra.ebi.ac.uk/vol1/fastq/ERR458/ERR458518/ERR458518.fastq.gz	5	SA-PE-028	mu
ERR458519	ftp.sra.ebi.ac.uk/vol1/fastq/ERR458/ERR458519/ERR458519.fastq.gz	6	SA-PE-028	mu
ERR458520	ftp.sra.ebi.ac.uk/vol1/fastq/ERR458/ERR458520/ERR458520.fastq.gz	7	SA-PE-028	mu
ERR458521	ftp.sra.ebi.ac.uk/vol1/fastq/ERR458/ERR458521/ERR458521.fastq.gz	1	SA-PE-011	mu
ERR458522	ftp.sra.ebi.ac.uk/vol1/fastq/ERR458/ERR458522/ERR458522.fastq.gz	2	SA-PE-011	mu
ERR458523	ftp.sra.ebi.ac.uk/vol1/fastq/ERR458/ERR458523/ERR458523.fastq.gz	3	SA-PE-011	mu
ERR458524	ftp.sra.ebi.ac.uk/vol1/fastq/ERR458/ERR458524/ERR458524.fastq.gz	4	SA-PE-011	mu
ERR458525	ftp.sra.ebi.ac.uk/vol1/fastq/ERR458/ERR458525/ERR458525.fastq.gz	5	SA-PE-011	mu
ERR458526	ftp.sra.ebi.ac.uk/vol1/fastq/ERR458/ERR458526/ERR458526.fastq.gz	6	SA-PE-011	mu
ERR458527	ftp.sra.ebi.ac.uk/vol1/fastq/ERR458/ERR458527/ERR458527.fastq.gz	7	SA-PE-011	mu
ERR458528	ftp.sra.ebi.ac.uk/vol1/fastq/ERR458/ERR458528/ERR458528.fastq.gz	1	SA-PE-082	mu
ERR458529	ftp.sra.ebi.ac.uk/vol1/fastq/ERR458/ERR458529/ERR458529.fastq.gz	2	SA-PE-082	mu
ERR458530	ftp.sra.ebi.ac.uk/vol1/fastq/ERR458/ERR458530/ERR458530.fastq.gz	3	SA-PE-082	mu
ERR458531	ftp.sra.ebi.ac.uk/vol1/fastq/ERR458/ERR458531/ERR458531.fastq.gz	4	SA-PE-082	mu
ERR458532	ftp.sra.ebi.ac.uk/vol1/fastq/ERR458/ERR458532/ERR458532.fastq.gz	5	SA-PE-082	mu
ERR458533	ftp.sra.ebi.ac.uk/vol1/fastq/ERR458/ERR458533/ERR458533.fastq.gz	6	SA-PE-082	mu
ERR458534	ftp.sra.ebi.ac.uk/vol1/fastq/ERR458/ERR458534/ERR458534.fastq.gz	7	SA-PE-082	mu
ERR458535	ftp.sra.ebi.ac.uk/vol1/fastq/ERR458/ERR458535/ERR458535.fastq.gz	1	SA-PE-080	mu
ERR458536	ftp.sra.ebi.ac.uk/vol1/fastq/ERR458/ERR458536/ERR458536.fastq.gz	2	SA-PE-080	mu
ERR458537	ftp.sra.ebi.ac.uk/vol1/fastq/ERR458/ERR458537/ERR458537.fastq.gz	3	SA-PE-080	mu
ERR458538	ftp.sra.ebi.ac.uk/vol1/fastq/ERR458/ERR458538/ERR458538.fastq.gz	4	SA-PE-080	mu
ERR458539	ftp.sra.ebi.ac.uk/vol1/fastq/ERR458/ERR458539/ERR458539.fastq.gz	5	SA-PE-080	mu
ERR458540	ftp.sra.ebi.ac.uk/vol1/fastq/ERR458/ERR458540/ERR458540.fastq.gz	6	SA-PE-080	mu
ERR458541	ftp.sra.ebi.ac.uk/vol1/fastq/ERR458/ERR458541/ERR458541.fastq.gz	7	SA-PE-080	mu
ERR458542	ftp.sra.ebi.ac.uk/vol1/fastq/ERR458/ERR458542/ERR458542.fastq.gz	1	SA-PE-026	mu
ERR458543	ftp.sra.ebi.ac.uk/vol1/fastq/ERR458/ERR458543/ERR458543.fastq.gz	2	SA-PE-026	mu
ERR458544	ftp.sra.ebi.ac.uk/vol1/fastq/ERR458/ERR458544/ERR458544.fastq.gz	3	SA-PE-026	mu
ERR458545	ftp.sra.ebi.ac.uk/vol1/fastq/ERR458/ERR458545/ERR458545.fastq.gz	4	SA-PE-026	mu
ERR458546	ftp.sra.ebi.ac.uk/vol1/fastq/ERR458/ERR458546/ERR458546.fastq.gz	5	SA-PE-026	mu
ERR458547	ftp.sra.ebi.ac.uk/vol1/fastq/ERR458/ERR458547/ERR458547.fastq.gz	6	SA-PE-026	mu
ERR458548	ftp.sra.ebi.ac.uk/vol1/fastq/ERR458/ERR458548/ERR458548.fastq.gz	7	SA-PE-026	mu
ERR458549	ftp.sra.ebi.ac.uk/vol1/fastq/ERR458/ERR458549/ERR458549.fastq.gz	1	SA-PE-078	mu
ERR458550	ftp.sra.ebi.ac.uk/vol1/fastq/ERR458/ERR458550/ERR458550.fastq.gz	2	SA-PE-078	mu
ERR458551	ftp.sra.ebi.ac.uk/vol1/fastq/ERR458/ERR458551/ERR458551.fastq.gz	3	SA-PE-078	mu
ERR458552	ftp.sra.ebi.ac.uk/vol1/fastq/ERR458/ERR458552/ERR458552.fastq.gz	4	SA-PE-078	mu
ERR458553	ftp.sra.ebi.ac.uk/vol1/fastq/ERR458/ERR458553/ERR458553.fastq.gz	5	SA-PE-078	mu
ERR458554	ftp.sra.ebi.ac.uk/vol1/fastq/ERR458/ERR458554/ERR458554.fastq.gz	6	SA-PE-078	mu
ERR458555	ftp.sra.ebi.ac.uk/vol1/fastq/ERR458/ERR458555/ERR458555.fastq.gz	7	SA-PE-078	mu
ERR458556	ftp.sra.ebi.ac.uk/vol1/fastq/ERR458/ERR458556/ERR458556.fastq.gz	1	SA-PE-004	mu
ERR458557	ftp.sra.ebi.ac.uk/vol1/fastq/ERR458/ERR458557/ERR458557.fastq.gz	2	SA-PE-004	mu
ERR458558	ftp.sra.ebi.ac.uk/vol1/fastq/ERR458/ERR458558/ERR458558.fastq.gz	3	SA-PE-004	mu
ERR458559	ftp.sra.ebi.ac.uk/vol1/fastq/ERR458/ERR458559/ERR458559.fastq.gz	4	SA-PE-004	mu
ERR458560	ftp.sra.ebi.ac.uk/vol1/fastq/ERR458/ERR458560/ERR458560.fastq.gz	5	SA-PE-004	mu
ERR458561	ftp.sra.ebi.ac.uk/vol1/fastq/ERR458/ERR458561/ERR458561.fastq.gz	6	SA-PE-004	mu
ERR458562	ftp.sra.ebi.ac.uk/vol1/fastq/ERR458/ERR458562/ERR458562.fastq.gz	7	SA-PE-004	mu
ERR458563	ftp.sra.ebi.ac.uk/vol1/fastq/ERR458/ERR458563/ERR458563.fastq.gz	1	SA-PE-038	mu
ERR458564	ftp.sra.ebi.ac.uk/vol1/fastq/ERR458/ERR458564/ERR458564.fastq.gz	2	SA-PE-038	mu
ERR458565	ftp.sra.ebi.ac.uk/vol1/fastq/ERR458/ERR458565/ERR458565.fastq.gz	3	SA-PE-038	mu
ERR458566	ftp.sra.ebi.ac.uk/vol1/fastq/ERR458/ERR458566/ERR458566.fastq.gz	4	SA-PE-038	mu
ERR458567	ftp.sra.ebi.ac.uk/vol1/fastq/ERR458/ERR458567/ERR458567.fastq.gz	5	SA-PE-038	mu
ERR458568	ftp.sra.ebi.ac.uk/vol1/fastq/ERR458/ERR458568/ERR458568.fastq.gz	6	SA-PE-038	mu
ERR458569	ftp.sra.ebi.ac.uk/vol1/fastq/ERR458/ERR458569/ERR458569.fastq.gz	7	SA-PE-038	mu
ERR458570	ftp.sra.ebi.ac.uk/vol1/fastq/ERR458/ERR458570/ERR458570.fastq.gz	1	SA-PE-001	mu
ERR458571	ftp.sra.ebi.ac.uk/vol1/fastq/ERR458/ERR458571/ERR458571.fastq.gz	2	SA-PE-001	mu
ERR458572	ftp.sra.ebi.ac.uk/vol1/fastq/ERR458/ERR458572/ERR458572.fastq.gz	3	SA-PE-001	mu
ERR458573	ftp.sra.ebi.ac.uk/vol1/fastq/ERR458/ERR458573/ERR458573.fastq.gz	4	SA-PE-001	mu
ERR458574	ftp.sra.ebi.ac.uk/vol1/fastq/ERR458/ERR458574/ERR458574.fastq.gz	5	SA-PE-001	mu
ERR458575	ftp.sra.ebi.ac.uk/vol1/fastq/ERR458/ERR458575/ERR458575.fastq.gz	6	SA-PE-001	mu
ERR458576	ftp.sra.ebi.ac.uk/vol1/fastq/ERR458/ERR458576/ERR458576.fastq.gz	7	SA-PE-001	mu
ERR458577	ftp.sra.ebi.ac.uk/vol1/fastq/ERR458/ERR458577/ERR458577.fastq.gz	1	SA-PE-002	mu
ERR458578	ftp.sra.ebi.ac.uk/vol1/fastq/ERR458/ERR458578/ERR458578.fastq.gz	2	SA-PE-002	mu
ERR458579	ftp.sra.ebi.ac.uk/vol1/fastq/ERR458/ERR458579/ERR458579.fastq.gz	3	SA-PE-002	mu
ERR458580	ftp.sra.ebi.ac.uk/vol1/fastq/ERR458/ERR458580/ERR458580.fastq.gz	4	SA-PE-002	mu
ERR458581	ftp.sra.ebi.ac.uk/vol1/fastq/ERR458/ERR458581/ERR458581.fastq.gz	5	SA-PE-002	mu
ERR458582	ftp.sra.ebi.ac.uk/vol1/fastq/ERR458/ERR458582/ERR458582.fastq.gz	6	SA-PE-002	mu
ERR458583	ftp.sra.ebi.ac.uk/vol1/fastq/ERR458/ERR458583/ERR458583.fastq.gz	7	SA-PE-002	mu
ERR458584	ftp.sra.ebi.ac.uk/vol1/fastq/ERR458/ERR458584/ERR458584.fastq.gz	1	SA-PE-059	mu
ERR458585	ftp.sra.ebi.ac.uk/vol1/fastq/ERR458/ERR458585/ERR458585.fastq.gz	2	SA-PE-059	mu
ERR458586	ftp.sra.ebi.ac.uk/vol1/fastq/ERR458/ERR458586/ERR458586.fastq.gz	3	SA-PE-059	mu
ERR458587	ftp.sra.ebi.ac.uk/vol1/fastq/ERR458/ERR458587/ERR458587.fastq.gz	4	SA-PE-059	mu
ERR458588	ftp.sra.ebi.ac.uk/vol1/fastq/ERR458/ERR458588/ERR458588.fastq.gz	5	SA-PE-059	mu
ERR458589	ftp.sra.ebi.ac.uk/vol1/fastq/ERR458/ERR458589/ERR458589.fastq.gz	6	SA-PE-059	mu
ERR458590	ftp.sra.ebi.ac.uk/vol1/fastq/ERR458/ERR458590/ERR458590.fastq.gz	7	SA-PE-059	mu
ERR458591	ftp.sra.ebi.ac.uk/vol1/fastq/ERR458/ERR458591/ERR458591.fastq.gz	1	SA-PE-033	mu
ERR458592	ftp.sra.ebi.ac.uk/vol1/fastq/ERR458/ERR458592/ERR458592.fastq.gz	2	SA-PE-033	mu
ERR458593	ftp.sra.ebi.ac.uk/vol1/fastq/ERR458/ERR458593/ERR458593.fastq.gz	3	SA-PE-033	mu
ERR458594	ftp.sra.ebi.ac.uk/vol1/fastq/ERR458/ERR458594/ERR458594.fastq.gz	4	SA-PE-033	mu
ERR458595	ftp.sra.ebi.ac.uk/vol1/fastq/ERR458/ERR458595/ERR458595.fastq.gz	5	SA-PE-033	mu
ERR458596	ftp.sra.ebi.ac.uk/vol1/fastq/ERR458/ERR458596/ERR458596.fastq.gz	6	SA-PE-033	mu
ERR458597	ftp.sra.ebi.ac.uk/vol1/fastq/ERR458/ERR458597/ERR458597.fastq.gz	7	SA-PE-033	mu
ERR458598	ftp.sra.ebi.ac.uk/vol1/fastq/ERR458/ERR458598/ERR458598.fastq.gz	1	SA-PE-075	mu
ERR458599	ftp.sra.ebi.ac.uk/vol1/fastq/ERR458/ERR458599/ERR458599.fastq.gz	2	SA-PE-075	mu
ERR458600	ftp.sra.ebi.ac.uk/vol1/fastq/ERR458/ERR458600/ERR458600.fastq.gz	3	SA-PE-075	mu
ERR458601	ftp.sra.ebi.ac.uk/vol1/fastq/ERR458/ERR458601/ERR458601.fastq.gz	4	SA-PE-075	mu
ERR458602	ftp.sra.ebi.ac.uk/vol1/fastq/ERR458/ERR458602/ERR458602.fastq.gz	5	SA-PE-075	mu
ERR458603	ftp.sra.ebi.ac.uk/vol1/fastq/ERR458/ERR458603/ERR458603.fastq.gz	6	SA-PE-075	mu
ERR458604	ftp.sra.ebi.ac.uk/vol1/fastq/ERR458/ERR458604/ERR458604.fastq.gz	7	SA-PE-075	mu
ERR458605	ftp.sra.ebi.ac.uk/vol1/fastq/ERR458/ERR458605/ERR458605.fastq.gz	1	SA-PE-072	mu
ERR458606	ftp.sra.ebi.ac.uk/vol1/fastq/ERR458/ERR458606/ERR458606.fastq.gz	2	SA-PE-072	mu
ERR458607	ftp.sra.ebi.ac.uk/vol1/fastq/ERR458/ERR458607/ERR458607.fastq.gz	3	SA-PE-072	mu
ERR458608	ftp.sra.ebi.ac.uk/vol1/fastq/ERR458/ERR458608/ERR458608.fastq.gz	4	SA-PE-072	mu
ERR458609	ftp.sra.ebi.ac.uk/vol1/fastq/ERR458/ERR458609/ERR458609.fastq.gz	5	SA-PE-072	mu
ERR458610	ftp.sra.ebi.ac.uk/vol1/fastq/ERR458/ERR458610/ERR458610.fastq.gz	6	SA-PE-072	mu
ERR458611	ftp.sra.ebi.ac.uk/vol1/fastq/ERR458/ERR458611/ERR458611.fastq.gz	7	SA-PE-072	mu
ERR458612	ftp.sra.ebi.ac.uk/vol1/fastq/ERR458/ERR458612/ERR458612.fastq.gz	1	SA-PE-089	mu
ERR458613	ftp.sra.ebi.ac.uk/vol1/fastq/ERR458/ERR458613/ERR458613.fastq.gz	2	SA-PE-089	mu
ERR458614	ftp.sra.ebi.ac.uk/vol1/fastq/ERR458/ERR458614/ERR458614.fastq.gz	3	SA-PE-089	mu
ERR458615	ftp.sra.ebi.ac.uk/vol1/fastq/ERR458/ERR458615/ERR458615.fastq.gz	4	SA-PE-089	mu
ERR458616	ftp.sra.ebi.ac.uk/vol1/fastq/ERR458/ERR458616/ERR458616.fastq.gz	5	SA-PE-089	mu
ERR458617	ftp.sra.ebi.ac.uk/vol1/fastq/ERR458/ERR458617/ERR458617.fastq.gz	6	SA-PE-089	mu
ERR458618	ftp.sra.ebi.ac.uk/vol1/fastq/ERR458/ERR458618/ERR458618.fastq.gz	7	SA-PE-089	mu
ERR458619	ftp.sra.ebi.ac.uk/vol1/fastq/ERR458/ERR458619/ERR458619.fastq.gz	1	SA-PE-040	mu
ERR458620	ftp.sra.ebi.ac.uk/vol1/fastq/ERR458/ERR458620/ERR458620.fastq.gz	2	SA-PE-040	mu
ERR458621	ftp.sra.ebi.ac.uk/vol1/fastq/ERR458/ERR458621/ERR458621.fastq.gz	3	SA-PE-040	mu
ERR458622	ftp.sra.ebi.ac.uk/vol1/fastq/ERR458/ERR458622/ERR458622.fastq.gz	4	SA-PE-040	mu
ERR458623	ftp.sra.ebi.ac.uk/vol1/fastq/ERR458/ERR458623/ERR458623.fastq.gz	5	SA-PE-040	mu
ERR458624	ftp.sra.ebi.ac.uk/vol1/fastq/ERR458/ERR458624/ERR458624.fastq.gz	6	SA-PE-040	mu
ERR458625	ftp.sra.ebi.ac.uk/vol1/fastq/ERR458/ERR458625/ERR458625.fastq.gz	7	SA-PE-040	mu
ERR458626	ftp.sra.ebi.ac.uk/vol1/fastq/ERR458/ERR458626/ERR458626.fastq.gz	1	SA-PE-084	mu
ERR458627	ftp.sra.ebi.ac.uk/vol1/fastq/ERR458/ERR458627/ERR458627.fastq.gz	2	SA-PE-084	mu
ERR458628	ftp.sra.ebi.ac.uk/vol1/fastq/ERR458/ERR458628/ERR458628.fastq.gz	3	SA-PE-084	mu
ERR458629	ftp.sra.ebi.ac.uk/vol1/fastq/ERR458/ERR458629/ERR458629.fastq.gz	4	SA-PE-084	mu
ERR458630	ftp.sra.ebi.ac.uk/vol1/fastq/ERR458/ERR458630/ERR458630.fastq.gz	5	SA-PE-084	mu
ERR458631	ftp.sra.ebi.ac.uk/vol1/fastq/ERR458/ERR458631/ERR458631.fastq.gz	6	SA-PE-084	mu
ERR458632	ftp.sra.ebi.ac.uk/vol1/fastq/ERR458/ERR458632/ERR458632.fastq.gz	7	SA-PE-084	mu
ERR458633	ftp.sra.ebi.ac.uk/vol1/fastq/ERR458/ERR458633/ERR458633.fastq.gz	1	SA-PE-015	mu
ERR458634	ftp.sra.ebi.ac.uk/vol1/fastq/ERR458/ERR458634/ERR458634.fastq.gz	2	SA-PE-015	mu
ERR458635	ftp.sra.ebi.ac.uk/vol1/fastq/ERR458/ERR458635/ERR458635.fastq.gz	3	SA-PE-015	mu
ERR458636	ftp.sra.ebi.ac.uk/vol1/fastq/ERR458/ERR458636/ERR458636.fastq.gz	4	SA-PE-015	mu
ERR458637	ftp.sra.ebi.ac.uk/vol1/fastq/ERR458/ERR458637/ERR458637.fastq.gz	5	SA-PE-015	mu
ERR458638	ftp.sra.ebi.ac.uk/vol1/fastq/ERR458/ERR458638/ERR458638.fastq.gz	6	SA-PE-015	mu
ERR458639	ftp.sra.ebi.ac.uk/vol1/fastq/ERR458/ERR458639/ERR458639.fastq.gz	7	SA-PE-015	mu
ERR458640	ftp.sra.ebi.ac.uk/vol1/fastq/ERR458/ERR458640/ERR458640.fastq.gz	1	SA-PE-031	mu
ERR458641	ftp.sra.ebi.ac.uk/vol1/fastq/ERR458/ERR458641/ERR458641.fastq.gz	2	SA-PE-031	mu
ERR458642	ftp.sra.ebi.ac.uk/vol1/fastq/ERR458/ERR458642/ERR458642.fastq.gz	3	SA-PE-031	mu
ERR458643	ftp.sra.ebi.ac.uk/vol1/fastq/ERR458/ERR458643/ERR458643.fastq.gz	4	SA-PE-031	mu
ERR458644	ftp.sra.ebi.ac.uk/vol1/fastq/ERR458/ERR458644/ERR458644.fastq.gz	5	SA-PE-031	mu
ERR458645	ftp.sra.ebi.ac.uk/vol1/fastq/ERR458/ERR458645/ERR458645.fastq.gz	6	SA-PE-031	mu
ERR458646	ftp.sra.ebi.ac.uk/vol1/fastq/ERR458/ERR458646/ERR458646.fastq.gz	7	SA-PE-031	mu
ERR458647	ftp.sra.ebi.ac.uk/vol1/fastq/ERR458/ERR458647/ERR458647.fastq.gz	1	SA-PE-053	mu
ERR458648	ftp.sra.ebi.ac.uk/vol1/fastq/ERR458/ERR458648/ERR458648.fastq.gz	2	SA-PE-053	mu
ERR458649	ftp.sra.ebi.ac.uk/vol1/fastq/ERR458/ERR458649/ERR458649.fastq.gz	3	SA-PE-053	mu
ERR458650	ftp.sra.ebi.ac.uk/vol1/fastq/ERR458/ERR458650/ERR458650.fastq.gz	4	SA-PE-053	mu
ERR458651	ftp.sra.ebi.ac.uk/vol1/fastq/ERR458/ERR458651/ERR458651.fastq.gz	5	SA-PE-053	mu
ERR458652	ftp.sra.ebi.ac.uk/vol1/fastq/ERR458/ERR458652/ERR458652.fastq.gz	6	SA-PE-053	mu
ERR458653	ftp.sra.ebi.ac.uk/vol1/fastq/ERR458/ERR458653/ERR458653.fastq.gz	7	SA-PE-053	mu
ERR458654	ftp.sra.ebi.ac.uk/vol1/fastq/ERR458/ERR458654/ERR458654.fastq.gz	1	SA-PE-025	mu
ERR458655	ftp.sra.ebi.ac.uk/vol1/fastq/ERR458/ERR458655/ERR458655.fastq.gz	2	SA-PE-025	mu
ERR458656	ftp.sra.ebi.ac.uk/vol1/fastq/ERR458/ERR458656/ERR458656.fastq.gz	3	SA-PE-025	mu
ERR458657	ftp.sra.ebi.ac.uk/vol1/fastq/ERR458/ERR458657/ERR458657.fastq.gz	4	SA-PE-025	mu
ERR458658	ftp.sra.ebi.ac.uk/vol1/fastq/ERR458/ERR458658/ERR458658.fastq.gz	5	SA-PE-025	mu
ERR458659	ftp.sra.ebi.ac.uk/vol1/fastq/ERR458/ERR458659/ERR458659.fastq.gz	6	SA-PE-025	mu
ERR458660	ftp.sra.ebi.ac.uk/vol1/fastq/ERR458/ERR458660/ERR458660.fastq.gz	7	SA-PE-025	mu
ERR458661	ftp.sra.ebi.ac.uk/vol1/fastq/ERR458/ERR458661/ERR458661.fastq.gz	1	SA-PE-042	mu
ERR458662	ftp.sra.ebi.ac.uk/vol1/fastq/ERR458/ERR458662/ERR458662.fastq.gz	2	SA-PE-042	mu
ERR458663	ftp.sra.ebi.ac.uk/vol1/fastq/ERR458/ERR458663/ERR458663.fastq.gz	3	SA-PE-042	mu
ERR458664	ftp.sra.ebi.ac.uk/vol1/fastq/ERR458/ERR458664/ERR458664.fastq.gz	4	SA-PE-042	mu
ERR458665	ftp.sra.ebi.ac.uk/vol1/fastq/ERR458/ERR458665/ERR458665.fastq.gz	5	SA-PE-042	mu
ERR458666	ftp.sra.ebi.ac.uk/vol1/fastq/ERR458/ERR458666/ERR458666.fastq.gz	6	SA-PE-042	mu
ERR458667	ftp.sra.ebi.ac.uk/vol1/fastq/ERR458/ERR458667/ERR458667.fastq.gz	7	SA-PE-042	mu
ERR458668	ftp.sra.ebi.ac.uk/vol1/fastq/ERR458/ERR458668/ERR458668.fastq.gz	1	SA-PE-081	mu
ERR458669	ftp.sra.ebi.ac.uk/vol1/fastq/ERR458/ERR458669/ERR458669.fastq.gz	2	SA-PE-081	mu
ERR458670	ftp.sra.ebi.ac.uk/vol1/fastq/ERR458/ERR458670/ERR458670.fastq.gz	3	SA-PE-081	mu
ERR458671	ftp.sra.ebi.ac.uk/vol1/fastq/ERR458/ERR458671/ERR458671.fastq.gz	4	SA-PE-081	mu
ERR458672	ftp.sra.ebi.ac.uk/vol1/fastq/ERR458/ERR458672/ERR458672.fastq.gz	5	SA-PE-081	mu
ERR458673	ftp.sra.ebi.ac.uk/vol1/fastq/ERR458/ERR458673/ERR458673.fastq.gz	6	SA-PE-081	mu
ERR458674	ftp.sra.ebi.ac.uk/vol1/fastq/ERR458/ERR458674/ERR458674.fastq.gz	7	SA-PE-081	mu
ERR458675	ftp.sra.ebi.ac.uk/vol1/fastq/ERR458/ERR458675/ERR458675.fastq.gz	1	SA-PE-071	mu
ERR458676	ftp.sra.ebi.ac.uk/vol1/fastq/ERR458/ERR458676/ERR458676.fastq.gz	2	SA-PE-071	mu
ERR458677	ftp.sra.ebi.ac.uk/vol1/fastq/ERR458/ERR458677/ERR458677.fastq.gz	3	SA-PE-071	mu
ERR458678	ftp.sra.ebi.ac.uk/vol1/fastq/ERR458/ERR458678/ERR458678.fastq.gz	4	SA-PE-071	mu
ERR458679	ftp.sra.ebi.ac.uk/vol1/fastq/ERR458/ERR458679/ERR458679.fastq.gz	5	SA-PE-071	mu
ERR458680	ftp.sra.ebi.ac.uk/vol1/fastq/ERR458/ERR458680/ERR458680.fastq.gz	6	SA-PE-071	mu
ERR458681	ftp.sra.ebi.ac.uk/vol1/fastq/ERR458/ERR458681/ERR458681.fastq.gz	7	SA-PE-071	mu
ERR458682	ftp.sra.ebi.ac.uk/vol1/fastq/ERR458/ERR458682/ERR458682.fastq.gz	1	SA-PE-034	mu
ERR458683	ftp.sra.ebi.ac.uk/vol1/fastq/ERR458/ERR458683/ERR458683.fastq.gz	2	SA-PE-034	mu
ERR458684	ftp.sra.ebi.ac.uk/vol1/fastq/ERR458/ERR458684/ERR458684.fastq.gz	3	SA-PE-034	mu
ERR458685	ftp.sra.ebi.ac.uk/vol1/fastq/ERR458/ERR458685/ERR458685.fastq.gz	4	SA-PE-034	mu
ERR458686	ftp.sra.ebi.ac.uk/vol1/fastq/ERR458/ERR458686/ERR458686.fastq.gz	5	SA-PE-034	mu
ERR458687	ftp.sra.ebi.ac.uk/vol1/fastq/ERR458/ERR458687/ERR458687.fastq.gz	6	SA-PE-034	mu
ERR458688	ftp.sra.ebi.ac.uk/vol1/fastq/ERR458/ERR458688/ERR458688.fastq.gz	7	SA-PE-034	mu
ERR458689	ftp.sra.ebi.ac.uk/vol1/fastq/ERR458/ERR458689/ERR458689.fastq.gz	1	SA-PE-074	mu
ERR458690	ftp.sra.ebi.ac.uk/vol1/fastq/ERR458/ERR458690/ERR458690.fastq.gz	2	SA-PE-074	mu
ERR458691	ftp.sra.ebi.ac.uk/vol1/fastq/ERR458/ERR458691/ERR458691.fastq.gz	3	SA-PE-074	mu
ERR458692	ftp.sra.ebi.ac.uk/vol1/fastq/ERR458/ERR458692/ERR458692.fastq.gz	4	SA-PE-074	mu
ERR458693	ftp.sra.ebi.ac.uk/vol1/fastq/ERR458/ERR458693/ERR458693.fastq.gz	5	SA-PE-074	mu
ERR458694	ftp.sra.ebi.ac.uk/vol1/fastq/ERR458/ERR458694/ERR458694.fastq.gz	6	SA-PE-074	mu
ERR458695	ftp.sra.ebi.ac.uk/vol1/fastq/ERR458/ERR458695/ERR458695.fastq.gz	7	SA-PE-074	mu
ERR458696	ftp.sra.ebi.ac.uk/vol1/fastq/ERR458/ERR458696/ERR458696.fastq.gz	1	SA-PE-057	mu
ERR458697	ftp.sra.ebi.ac.uk/vol1/fastq/ERR458/ERR458697/ERR458697.fastq.gz	2	SA-PE-057	mu
ERR458698	ftp.sra.ebi.ac.uk/vol1/fastq/ERR458/ERR458698/ERR458698.fastq.gz	3	SA-PE-057	mu
ERR458699	ftp.sra.ebi.ac.uk/vol1/fastq/ERR458/ERR458699/ERR458699.fastq.gz	4	SA-PE-057	mu
ERR458700	ftp.sra.ebi.ac.uk/vol1/fastq/ERR458/ERR458700/ERR458700.fastq.gz	5	SA-PE-057	mu
ERR458701	ftp.sra.ebi.ac.uk/vol1/fastq/ERR458/ERR458701/ERR458701.fastq.gz	6	SA-PE-057	mu
ERR458702	ftp.sra.ebi.ac.uk/vol1/fastq/ERR458/ERR458702/ERR458702.fastq.gz	7	SA-PE-057	mu
ERR458703	ftp.sra.ebi.ac.uk/vol1/fastq/ERR458/ERR458703/ERR458703.fastq.gz	1	SA-PE-016	mu
ERR458704	ftp.sra.ebi.ac.uk/vol1/fastq/ERR458/ERR458704/ERR458704.fastq.gz	2	SA-PE-016	mu
ERR458705	ftp.sra.ebi.ac.uk/vol1/fastq/ERR458/ERR458705/ERR458705.fastq.gz	3	SA-PE-016	mu
ERR458706	ftp.sra.ebi.ac.uk/vol1/fastq/ERR458/ERR458706/ERR458706.fastq.gz	4	SA-PE-016	mu
ERR458707	ftp.sra.ebi.ac.uk/vol1/fastq/ERR458/ERR458707/ERR458707.fastq.gz	5	SA-PE-016	mu
ERR458708	ftp.sra.ebi.ac.uk/vol1/fastq/ERR458/ERR458708/ERR458708.fastq.gz	6	SA-PE-016	mu
ERR458709	ftp.sra.ebi.ac.uk/vol1/fastq/ERR458/ERR458709/ERR458709.fastq.gz	7	SA-PE-016	mu
ERR458710	ftp.sra.ebi.ac.uk/vol1/fastq/ERR458/ERR458710/ERR458710.fastq.gz	1	SA-PE-077	mu
ERR458711	ftp.sra.ebi.ac.uk/vol1/fastq/ERR458/ERR458711/ERR458711.fastq.gz	2	SA-PE-077	mu
ERR458712	ftp.sra.ebi.ac.uk/vol1/fastq/ERR458/ERR458712/ERR458712.fastq.gz	3	SA-PE-077	mu
ERR458713	ftp.sra.ebi.ac.uk/vol1/fastq/ERR458/ERR458713/ERR458713.fastq.gz	4	SA-PE-077	mu
ERR458714	ftp.sra.ebi.ac.uk/vol1/fastq/ERR458/ERR458714/ERR458714.fastq.gz	5	SA-PE-077	mu
ERR458715	ftp.sra.ebi.ac.uk/vol1/fastq/ERR458/ERR458715/ERR458715.fastq.gz	6	SA-PE-077	mu
ERR458716	ftp.sra.ebi.ac.uk/vol1/fastq/ERR458/ERR458716/ERR458716.fastq.gz	7	SA-PE-077	mu
ERR458717	ftp.sra.ebi.ac.uk/vol1/fastq/ERR458/ERR458717/ERR458717.fastq.gz	1	SA-PE-070	mu
ERR458718	ftp.sra.ebi.ac.uk/vol1/fastq/ERR458/ERR458718/ERR458718.fastq.gz	2	SA-PE-070	mu
ERR458719	ftp.sra.ebi.ac.uk/vol1/fastq/ERR458/ERR458719/ERR458719.fastq.gz	3	SA-PE-070	mu
ERR458720	ftp.sra.ebi.ac.uk/vol1/fastq/ERR458/ERR458720/ERR458720.fastq.gz	4	SA-PE-070	mu
ERR458721	ftp.sra.ebi.ac.uk/vol1/fastq/ERR458/ERR458721/ERR458721.fastq.gz	5	SA-PE-070	mu
ERR458722	ftp.sra.ebi.ac.uk/vol1/fastq/ERR458/ERR458722/ERR458722.fastq.gz	6	SA-PE-070	mu
ERR458723	ftp.sra.ebi.ac.uk/vol1/fastq/ERR458/ERR458723/ERR458723.fastq.gz	7	SA-PE-070	mu
ERR458724	ftp.sra.ebi.ac.uk/vol1/fastq/ERR458/ERR458724/ERR458724.fastq.gz	1	SA-PE-029	mu
ERR458725	ftp.sra.ebi.ac.uk/vol1/fastq/ERR458/ERR458725/ERR458725.fastq.gz	2	SA-PE-029	mu
ERR458726	ftp.sra.ebi.ac.uk/vol1/fastq/ERR458/ERR458726/ERR458726.fastq.gz	3	SA-PE-029	mu
ERR458727	ftp.sra.ebi.ac.uk/vol1/fastq/ERR458/ERR458727/ERR458727.fastq.gz	4	SA-PE-029	mu
ERR458728	ftp.sra.ebi.ac.uk/vol1/fastq/ERR458/ERR458728/ERR458728.fastq.gz	5	SA-PE-029	mu
ERR458729	ftp.sra.ebi.ac.uk/vol1/fastq/ERR458/ERR458729/ERR458729.fastq.gz	6	SA-PE-029	mu
ERR458730	ftp.sra.ebi.ac.uk/vol1/fastq/ERR458/ERR458730/ERR458730.fastq.gz	7	SA-PE-029	mu
ERR458731	ftp.sra.ebi.ac.uk/vol1/fastq/ERR458/ERR458731/ERR458731.fastq.gz	1	SA-PE-014	mu
ERR458732	ftp.sra.ebi.ac.uk/vol1/fastq/ERR458/ERR458732/ERR458732.fastq.gz	2	SA-PE-014	mu
ERR458733	ftp.sra.ebi.ac.uk/vol1/fastq/ERR458/ERR458733/ERR458733.fastq.gz	3	SA-PE-014	mu
ERR458734	ftp.sra.ebi.ac.uk/vol1/fastq/ERR458/ERR458734/ERR458734.fastq.gz	4	SA-PE-014	mu
ERR458735	ftp.sra.ebi.ac.uk/vol1/fastq/ERR458/ERR458735/ERR458735.fastq.gz	5	SA-PE-014	mu
ERR458736	ftp.sra.ebi.ac.uk/vol1/fastq/ERR458/ERR458736/ERR458736.fastq.gz	6	SA-PE-014	mu
ERR458737	ftp.sra.ebi.ac.uk/vol1/fastq/ERR458/ERR458737/ERR458737.fastq.gz	7	SA-PE-014	mu
ERR458738	ftp.sra.ebi.ac.uk/vol1/fastq/ERR458/ERR458738/ERR458738.fastq.gz	1	SA-PE-060	mu
ERR458739	ftp.sra.ebi.ac.uk/vol1/fastq/ERR458/ERR458739/ERR458739.fastq.gz	2	SA-PE-060	mu
ERR458740	ftp.sra.ebi.ac.uk/vol1/fastq/ERR458/ERR458740/ERR458740.fastq.gz	3	SA-PE-060	mu
ERR458741	ftp.sra.ebi.ac.uk/vol1/fastq/ERR458/ERR458741/ERR458741.fastq.gz	4	SA-PE-060	mu
ERR458742	ftp.sra.ebi.ac.uk/vol1/fastq/ERR458/ERR458742/ERR458742.fastq.gz	5	SA-PE-060	mu
ERR458743	ftp.sra.ebi.ac.uk/vol1/fastq/ERR458/ERR458743/ERR458743.fastq.gz	6	SA-PE-060	mu
ERR458744	ftp.sra.ebi.ac.uk/vol1/fastq/ERR458/ERR458744/ERR458744.fastq.gz	7	SA-PE-060	mu
ERR458745	ftp.sra.ebi.ac.uk/vol1/fastq/ERR458/ERR458745/ERR458745.fastq.gz	1	SA-PE-023	mu
ERR458746	ftp.sra.ebi.ac.uk/vol1/fastq/ERR458/ERR458746/ERR458746.fastq.gz	2	SA-PE-023	mu
ERR458747	ftp.sra.ebi.ac.uk/vol1/fastq/ERR458/ERR458747/ERR458747.fastq.gz	3	SA-PE-023	mu
ERR458748	ftp.sra.ebi.ac.uk/vol1/fastq/ERR458/ERR458748/ERR458748.fastq.gz	4	SA-PE-023	mu
ERR458749	ftp.sra.ebi.ac.uk/vol1/fastq/ERR458/ERR458749/ERR458749.fastq.gz	5	SA-PE-023	mu
ERR458750	ftp.sra.ebi.ac.uk/vol1/fastq/ERR458/ERR458750/ERR458750.fastq.gz	6	SA-PE-023	mu
ERR458751	ftp.sra.ebi.ac.uk/vol1/fastq/ERR458/ERR458751/ERR458751.fastq.gz	7	SA-PE-023	mu
ERR458752	ftp.sra.ebi.ac.uk/vol1/fastq/ERR458/ERR458752/ERR458752.fastq.gz	1	SA-PE-046	mu
ERR458753	ftp.sra.ebi.ac.uk/vol1/fastq/ERR458/ERR458753/ERR458753.fastq.gz	2	SA-PE-046	mu
ERR458754	ftp.sra.ebi.ac.uk/vol1/fastq/ERR458/ERR458754/ERR458754.fastq.gz	3	SA-PE-046	mu
ERR458755	ftp.sra.ebi.ac.uk/vol1/fastq/ERR458/ERR458755/ERR458755.fastq.gz	4	SA-PE-046	mu
ERR458756	ftp.sra.ebi.ac.uk/vol1/fastq/ERR458/ERR458756/ERR458756.fastq.gz	5	SA-PE-046	mu
ERR458757	ftp.sra.ebi.ac.uk/vol1/fastq/ERR458/ERR458757/ERR458757.fastq.gz	6	SA-PE-046	mu
ERR458758	ftp.sra.ebi.ac.uk/vol1/fastq/ERR458/ERR458758/ERR458758.fastq.gz	7	SA-PE-046	mu
ERR458759	ftp.sra.ebi.ac.uk/vol1/fastq/ERR458/ERR458759/ERR458759.fastq.gz	1	SA-PE-006	mu
ERR458760	ftp.sra.ebi.ac.uk/vol1/fastq/ERR458/ERR458760/ERR458760.fastq.gz	2	SA-PE-006	mu
ERR458761	ftp.sra.ebi.ac.uk/vol1/fastq/ERR458/ERR458761/ERR458761.fastq.gz	3	SA-PE-006	mu
ERR458762	ftp.sra.ebi.ac.uk/vol1/fastq/ERR458/ERR458762/ERR458762.fastq.gz	4	SA-PE-006	mu
ERR458763	ftp.sra.ebi.ac.uk/vol1/fastq/ERR458/ERR458763/ERR458763.fastq.gz	5	SA-PE-006	mu
ERR458764	ftp.sra.ebi.ac.uk/vol1/fastq/ERR458/ERR458764/ERR458764.fastq.gz	6	SA-PE-006	mu
ERR458765	ftp.sra.ebi.ac.uk/vol1/fastq/ERR458/ERR458765/ERR458765.fastq.gz	7	SA-PE-006	mu
ERR458766	ftp.sra.ebi.ac.uk/vol1/fastq/ERR458/ERR458766/ERR458766.fastq.gz	1	SA-PE-019	mu
ERR458767	ftp.sra.ebi.ac.uk/vol1/fastq/ERR458/ERR458767/ERR458767.fastq.gz	2	SA-PE-019	mu
ERR458768	ftp.sra.ebi.ac.uk/vol1/fastq/ERR458/ERR458768/ERR458768.fastq.gz	3	SA-PE-019	mu
ERR458769	ftp.sra.ebi.ac.uk/vol1/fastq/ERR458/ERR458769/ERR458769.fastq.gz	4	SA-PE-019	mu
ERR458770	ftp.sra.ebi.ac.uk/vol1/fastq/ERR458/ERR458770/ERR458770.fastq.gz	5	SA-PE-019	mu
ERR458771	ftp.sra.ebi.ac.uk/vol1/fastq/ERR458/ERR458771/ERR458771.fastq.gz	6	SA-PE-019	mu
ERR458772	ftp.sra.ebi.ac.uk/vol1/fastq/ERR458/ERR458772/ERR458772.fastq.gz	7	SA-PE-019	mu
ERR458773	ftp.sra.ebi.ac.uk/vol1/fastq/ERR458/ERR458773/ERR458773.fastq.gz	1	SA-PE-012	mu
ERR458774	ftp.sra.ebi.ac.uk/vol1/fastq/ERR458/ERR458774/ERR458774.fastq.gz	2	SA-PE-012	mu
ERR458775	ftp.sra.ebi.ac.uk/vol1/fastq/ERR458/ERR458775/ERR458775.fastq.gz	3	SA-PE-012	mu
ERR458776	ftp.sra.ebi.ac.uk/vol1/fastq/ERR458/ERR458776/ERR458776.fastq.gz	4	SA-PE-012	mu
ERR458777	ftp.sra.ebi.ac.uk/vol1/fastq/ERR458/ERR458777/ERR458777.fastq.gz	5	SA-PE-012	mu
ERR458778	ftp.sra.ebi.ac.uk/vol1/fastq/ERR458/ERR458778/ERR458778.fastq.gz	6	SA-PE-012	mu
ERR458779	ftp.sra.ebi.ac.uk/vol1/fastq/ERR458/ERR458779/ERR458779.fastq.gz	7	SA-PE-012	mu
ERR458780	ftp.sra.ebi.ac.uk/vol1/fastq/ERR458/ERR458780/ERR458780.fastq.gz	1	SA-PE-079	mu
ERR458781	ftp.sra.ebi.ac.uk/vol1/fastq/ERR458/ERR458781/ERR458781.fastq.gz	2	SA-PE-079	mu
ERR458782	ftp.sra.ebi.ac.uk/vol1/fastq/ERR458/ERR458782/ERR458782.fastq.gz	3	SA-PE-079	mu
ERR458783	ftp.sra.ebi.ac.uk/vol1/fastq/ERR458/ERR458783/ERR458783.fastq.gz	4	SA-PE-079	mu
ERR458784	ftp.sra.ebi.ac.uk/vol1/fastq/ERR458/ERR458784/ERR458784.fastq.gz	5	SA-PE-079	mu
ERR458785	ftp.sra.ebi.ac.uk/vol1/fastq/ERR458/ERR458785/ERR458785.fastq.gz	6	SA-PE-079	mu
ERR458786	ftp.sra.ebi.ac.uk/vol1/fastq/ERR458/ERR458786/ERR458786.fastq.gz	7	SA-PE-079	mu
ERR458787	ftp.sra.ebi.ac.uk/vol1/fastq/ERR458/ERR458787/ERR458787.fastq.gz	1	SA-PE-047	mu
ERR458788	ftp.sra.ebi.ac.uk/vol1/fastq/ERR458/ERR458788/ERR458788.fastq.gz	2	SA-PE-047	mu
ERR458789	ftp.sra.ebi.ac.uk/vol1/fastq/ERR458/ERR458789/ERR458789.fastq.gz	3	SA-PE-047	mu
ERR458790	ftp.sra.ebi.ac.uk/vol1/fastq/ERR458/ERR458790/ERR458790.fastq.gz	4	SA-PE-047	mu
ERR458791	ftp.sra.ebi.ac.uk/vol1/fastq/ERR458/ERR458791/ERR458791.fastq.gz	5	SA-PE-047	mu
ERR458792	ftp.sra.ebi.ac.uk/vol1/fastq/ERR458/ERR458792/ERR458792.fastq.gz	6	SA-PE-047	mu
ERR458793	ftp.sra.ebi.ac.uk/vol1/fastq/ERR458/ERR458793/ERR458793.fastq.gz	7	SA-PE-047	mu
ERR458794	ftp.sra.ebi.ac.uk/vol1/fastq/ERR458/ERR458794/ERR458794.fastq.gz	1	SA-PE-073	mu
ERR458795	ftp.sra.ebi.ac.uk/vol1/fastq/ERR458/ERR458795/ERR458795.fastq.gz	2	SA-PE-073	mu
ERR458796	ftp.sra.ebi.ac.uk/vol1/fastq/ERR458/ERR458796/ERR458796.fastq.gz	3	SA-PE-073	mu
ERR458797	ftp.sra.ebi.ac.uk/vol1/fastq/ERR458/ERR458797/ERR458797.fastq.gz	4	SA-PE-073	mu
ERR458798	ftp.sra.ebi.ac.uk/vol1/fastq/ERR458/ERR458798/ERR458798.fastq.gz	5	SA-PE-073	mu
ERR458799	ftp.sra.ebi.ac.uk/vol1/fastq/ERR458/ERR458799/ERR458799.fastq.gz	6	SA-PE-073	mu
ERR458800	ftp.sra.ebi.ac.uk/vol1/fastq/ERR458/ERR458800/ERR458800.fastq.gz	7	SA-PE-073	mu
ERR458801	ftp.sra.ebi.ac.uk/vol1/fastq/ERR458/ERR458801/ERR458801.fastq.gz	1	SA-PE-065	mu
ERR458802	ftp.sra.ebi.ac.uk/vol1/fastq/ERR458/ERR458802/ERR458802.fastq.gz	2	SA-PE-065	mu
ERR458803	ftp.sra.ebi.ac.uk/vol1/fastq/ERR458/ERR458803/ERR458803.fastq.gz	3	SA-PE-065	mu
ERR458804	ftp.sra.ebi.ac.uk/vol1/fastq/ERR458/ERR458804/ERR458804.fastq.gz	4	SA-PE-065	mu
ERR458805	ftp.sra.ebi.ac.uk/vol1/fastq/ERR458/ERR458805/ERR458805.fastq.gz	5	SA-PE-065	mu
ERR458806	ftp.sra.ebi.ac.uk/vol1/fastq/ERR458/ERR458806/ERR458806.fastq.gz	6	SA-PE-065	mu
ERR458807	ftp.sra.ebi.ac.uk/vol1/fastq/ERR458/ERR458807/ERR458807.fastq.gz	7	SA-PE-065	mu
ERR458808	ftp.sra.ebi.ac.uk/vol1/fastq/ERR458/ERR458808/ERR458808.fastq.gz	1	SA-PE-086	mu
ERR458809	ftp.sra.ebi.ac.uk/vol1/fastq/ERR458/ERR458809/ERR458809.fastq.gz	2	SA-PE-086	mu
ERR458810	ftp.sra.ebi.ac.uk/vol1/fastq/ERR458/ERR458810/ERR458810.fastq.gz	3	SA-PE-086	mu
ERR458811	ftp.sra.ebi.ac.uk/vol1/fastq/ERR458/ERR458811/ERR458811.fastq.gz	4	SA-PE-086	mu
ERR458812	ftp.sra.ebi.ac.uk/vol1/fastq/ERR458/ERR458812/ERR458812.fastq.gz	5	SA-PE-086	mu
ERR458813	ftp.sra.ebi.ac.uk/vol1/fastq/ERR458/ERR458813/ERR458813.fastq.gz	6	SA-PE-086	mu
ERR458814	ftp.sra.ebi.ac.uk/vol1/fastq/ERR458/ERR458814/ERR458814.fastq.gz	7	SA-PE-086	mu
ERR458815	ftp.sra.ebi.ac.uk/vol1/fastq/ERR458/ERR458815/ERR458815.fastq.gz	1	SA-PE-035	mu
ERR458816	ftp.sra.ebi.ac.uk/vol1/fastq/ERR458/ERR458816/ERR458816.fastq.gz	2	SA-PE-035	mu
ERR458817	ftp.sra.ebi.ac.uk/vol1/fastq/ERR458/ERR458817/ERR458817.fastq.gz	3	SA-PE-035	mu
ERR458818	ftp.sra.ebi.ac.uk/vol1/fastq/ERR458/ERR458818/ERR458818.fastq.gz	4	SA-PE-035	mu
ERR458819	ftp.sra.ebi.ac.uk/vol1/fastq/ERR458/ERR458819/ERR458819.fastq.gz	5	SA-PE-035	mu
ERR458820	ftp.sra.ebi.ac.uk/vol1/fastq/ERR458/ERR458820/ERR458820.fastq.gz	6	SA-PE-035	mu
ERR458821	ftp.sra.ebi.ac.uk/vol1/fastq/ERR458/ERR458821/ERR458821.fastq.gz	7	SA-PE-035	mu
ERR458822	ftp.sra.ebi.ac.uk/vol1/fastq/ERR458/ERR458822/ERR458822.fastq.gz	1	SA-PE-056	mu
ERR458823	ftp.sra.ebi.ac.uk/vol1/fastq/ERR458/ERR458823/ERR458823.fastq.gz	2	SA-PE-056	mu
ERR458824	ftp.sra.ebi.ac.uk/vol1/fastq/ERR458/ERR458824/ERR458824.fastq.gz	3	SA-PE-056	mu
ERR458825	ftp.sra.ebi.ac.uk/vol1/fastq/ERR458/ERR458825/ERR458825.fastq.gz	4	SA-PE-056	mu
ERR458826	ftp.sra.ebi.ac.uk/vol1/fastq/ERR458/ERR458826/ERR458826.fastq.gz	5	SA-PE-056	mu
ERR458827	ftp.sra.ebi.ac.uk/vol1/fastq/ERR458/ERR458827/ERR458827.fastq.gz	6	SA-PE-056	mu
ERR458828	ftp.sra.ebi.ac.uk/vol1/fastq/ERR458/ERR458828/ERR458828.fastq.gz	7	SA-PE-056	mu
ERR458829	ftp.sra.ebi.ac.uk/vol1/fastq/ERR458/ERR458829/ERR458829.fastq.gz	1	SA-PE-055	mu
ERR458830	ftp.sra.ebi.ac.uk/vol1/fastq/ERR458/ERR458830/ERR458830.fastq.gz	2	SA-PE-055	mu
ERR458831	ftp.sra.ebi.ac.uk/vol1/fastq/ERR458/ERR458831/ERR458831.fastq.gz	3	SA-PE-055	mu
ERR458832	ftp.sra.ebi.ac.uk/vol1/fastq/ERR458/ERR458832/ERR458832.fastq.gz	4	SA-PE-055	mu
ERR458833	ftp.sra.ebi.ac.uk/vol1/fastq/ERR458/ERR458833/ERR458833.fastq.gz	5	SA-PE-055	mu
ERR458834	ftp.sra.ebi.ac.uk/vol1/fastq/ERR458/ERR458834/ERR458834.fastq.gz	6	SA-PE-055	mu
ERR458835	ftp.sra.ebi.ac.uk/vol1/fastq/ERR458/ERR458835/ERR458835.fastq.gz	7	SA-PE-055	mu
ERR458878	ftp.sra.ebi.ac.uk/vol1/fastq/ERR458/ERR458878/ERR458878.fastq.gz	1	SA-PE-050	wt
ERR458879	ftp.sra.ebi.ac.uk/vol1/fastq/ERR458/ERR458879/ERR458879.fastq.gz	2	SA-PE-050	wt
ERR458880	ftp.sra.ebi.ac.uk/vol1/fastq/ERR458/ERR458880/ERR458880.fastq.gz	3	SA-PE-050	wt
ERR458881	ftp.sra.ebi.ac.uk/vol1/fastq/ERR458/ERR458881/ERR458881.fastq.gz	4	SA-PE-050	wt
ERR458882	ftp.sra.ebi.ac.uk/vol1/fastq/ERR458/ERR458882/ERR458882.fastq.gz	5	SA-PE-050	wt
ERR458883	ftp.sra.ebi.ac.uk/vol1/fastq/ERR458/ERR458883/ERR458883.fastq.gz	6	SA-PE-050	wt
ERR458884	ftp.sra.ebi.ac.uk/vol1/fastq/ERR458/ERR458884/ERR458884.fastq.gz	7	SA-PE-050	wt
ERR458885	ftp.sra.ebi.ac.uk/vol1/fastq/ERR458/ERR458885/ERR458885.fastq.gz	1	SA-PE-051	wt
ERR458886	ftp.sra.ebi.ac.uk/vol1/fastq/ERR458/ERR458886/ERR458886.fastq.gz	2	SA-PE-051	wt
ERR458887	ftp.sra.ebi.ac.uk/vol1/fastq/ERR458/ERR458887/ERR458887.fastq.gz	3	SA-PE-051	wt
ERR458888	ftp.sra.ebi.ac.uk/vol1/fastq/ERR458/ERR458888/ERR458888.fastq.gz	4	SA-PE-051	wt
ERR458889	ftp.sra.ebi.ac.uk/vol1/fastq/ERR458/ERR458889/ERR458889.fastq.gz	5	SA-PE-051	wt
ERR458890	ftp.sra.ebi.ac.uk/vol1/fastq/ERR458/ERR458890/ERR458890.fastq.gz	6	SA-PE-051	wt
ERR458891	ftp.sra.ebi.ac.uk/vol1/fastq/ERR458/ERR458891/ERR458891.fastq.gz	7	SA-PE-051	wt
ERR458892	ftp.sra.ebi.ac.uk/vol1/fastq/ERR458/ERR458892/ERR458892.fastq.gz	1	SA-PE-058	wt
ERR458893	ftp.sra.ebi.ac.uk/vol1/fastq/ERR458/ERR458893/ERR458893.fastq.gz	2	SA-PE-058	wt
ERR458894	ftp.sra.ebi.ac.uk/vol1/fastq/ERR458/ERR458894/ERR458894.fastq.gz	3	SA-PE-058	wt
ERR458895	ftp.sra.ebi.ac.uk/vol1/fastq/ERR458/ERR458895/ERR458895.fastq.gz	4	SA-PE-058	wt
ERR458896	ftp.sra.ebi.ac.uk/vol1/fastq/ERR458/ERR458896/ERR458896.fastq.gz	5	SA-PE-058	wt
ERR458897	ftp.sra.ebi.ac.uk/vol1/fastq/ERR458/ERR458897/ERR458897.fastq.gz	6	SA-PE-058	wt
ERR458898	ftp.sra.ebi.ac.uk/vol1/fastq/ERR458/ERR458898/ERR458898.fastq.gz	7	SA-PE-058	wt
ERR458899	ftp.sra.ebi.ac.uk/vol1/fastq/ERR458/ERR458899/ERR458899.fastq.gz	1	SA-PE-093	wt
ERR458900	ftp.sra.ebi.ac.uk/vol1/fastq/ERR458/ERR458900/ERR458900.fastq.gz	2	SA-PE-093	wt
ERR458901	ftp.sra.ebi.ac.uk/vol1/fastq/ERR458/ERR458901/ERR458901.fastq.gz	3	SA-PE-093	wt
ERR458902	ftp.sra.ebi.ac.uk/vol1/fastq/ERR458/ERR458902/ERR458902.fastq.gz	4	SA-PE-093	wt
ERR458903	ftp.sra.ebi.ac.uk/vol1/fastq/ERR458/ERR458903/ERR458903.fastq.gz	5	SA-PE-093	wt
ERR458904	ftp.sra.ebi.ac.uk/vol1/fastq/ERR458/ERR458904/ERR458904.fastq.gz	6	SA-PE-093	wt
ERR458905	ftp.sra.ebi.ac.uk/vol1/fastq/ERR458/ERR458905/ERR458905.fastq.gz	7	SA-PE-093	wt
ERR458906	ftp.sra.ebi.ac.uk/vol1/fastq/ERR458/ERR458906/ERR458906.fastq.gz	1	SA-PE-030	wt
ERR458907	ftp.sra.ebi.ac.uk/vol1/fastq/ERR458/ERR458907/ERR458907.fastq.gz	2	SA-PE-030	wt
ERR458908	ftp.sra.ebi.ac.uk/vol1/fastq/ERR458/ERR458908/ERR458908.fastq.gz	3	SA-PE-030	wt
ERR458909	ftp.sra.ebi.ac.uk/vol1/fastq/ERR458/ERR458909/ERR458909.fastq.gz	4	SA-PE-030	wt
ERR458910	ftp.sra.ebi.ac.uk/vol1/fastq/ERR458/ERR458910/ERR458910.fastq.gz	5	SA-PE-030	wt
ERR458911	ftp.sra.ebi.ac.uk/vol1/fastq/ERR458/ERR458911/ERR458911.fastq.gz	6	SA-PE-030	wt
ERR458912	ftp.sra.ebi.ac.uk/vol1/fastq/ERR458/ERR458912/ERR458912.fastq.gz	7	SA-PE-030	wt
ERR458913	ftp.sra.ebi.ac.uk/vol1/fastq/ERR458/ERR458913/ERR458913.fastq.gz	1	SA-PE-024	wt
ERR458914	ftp.sra.ebi.ac.uk/vol1/fastq/ERR458/ERR458914/ERR458914.fastq.gz	2	SA-PE-024	wt
ERR458915	ftp.sra.ebi.ac.uk/vol1/fastq/ERR458/ERR458915/ERR458915.fastq.gz	3	SA-PE-024	wt
ERR458916	ftp.sra.ebi.ac.uk/vol1/fastq/ERR458/ERR458916/ERR458916.fastq.gz	4	SA-PE-024	wt
ERR458917	ftp.sra.ebi.ac.uk/vol1/fastq/ERR458/ERR458917/ERR458917.fastq.gz	5	SA-PE-024	wt
ERR458918	ftp.sra.ebi.ac.uk/vol1/fastq/ERR458/ERR458918/ERR458918.fastq.gz	6	SA-PE-024	wt
ERR458919	ftp.sra.ebi.ac.uk/vol1/fastq/ERR458/ERR458919/ERR458919.fastq.gz	7	SA-PE-024	wt
ERR458920	ftp.sra.ebi.ac.uk/vol1/fastq/ERR458/ERR458920/ERR458920.fastq.gz	1	SA-PE-020	wt
ERR458921	ftp.sra.ebi.ac.uk/vol1/fastq/ERR458/ERR458921/ERR458921.fastq.gz	2	SA-PE-020	wt
ERR458922	ftp.sra.ebi.ac.uk/vol1/fastq/ERR458/ERR458922/ERR458922.fastq.gz	3	SA-PE-020	wt
ERR458923	ftp.sra.ebi.ac.uk/vol1/fastq/ERR458/ERR458923/ERR458923.fastq.gz	4	SA-PE-020	wt
ERR458924	ftp.sra.ebi.ac.uk/vol1/fastq/ERR458/ERR458924/ERR458924.fastq.gz	5	SA-PE-020	wt
ERR458925	ftp.sra.ebi.ac.uk/vol1/fastq/ERR458/ERR458925/ERR458925.fastq.gz	6	SA-PE-020	wt
ERR458926	ftp.sra.ebi.ac.uk/vol1/fastq/ERR458/ERR458926/ERR458926.fastq.gz	7	SA-PE-020	wt
ERR458927	ftp.sra.ebi.ac.uk/vol1/fastq/ERR458/ERR458927/ERR458927.fastq.gz	1	SA-PE-091	wt
ERR458928	ftp.sra.ebi.ac.uk/vol1/fastq/ERR458/ERR458928/ERR458928.fastq.gz	2	SA-PE-091	wt
ERR458929	ftp.sra.ebi.ac.uk/vol1/fastq/ERR458/ERR458929/ERR458929.fastq.gz	3	SA-PE-091	wt
ERR458930	ftp.sra.ebi.ac.uk/vol1/fastq/ERR458/ERR458930/ERR458930.fastq.gz	4	SA-PE-091	wt
ERR458931	ftp.sra.ebi.ac.uk/vol1/fastq/ERR458/ERR458931/ERR458931.fastq.gz	5	SA-PE-091	wt
ERR458932	ftp.sra.ebi.ac.uk/vol1/fastq/ERR458/ERR458932/ERR458932.fastq.gz	6	SA-PE-091	wt
ERR458933	ftp.sra.ebi.ac.uk/vol1/fastq/ERR458/ERR458933/ERR458933.fastq.gz	7	SA-PE-091	wt
ERR458934	ftp.sra.ebi.ac.uk/vol1/fastq/ERR458/ERR458934/ERR458934.fastq.gz	1	SA-PE-037	wt
ERR458935	ftp.sra.ebi.ac.uk/vol1/fastq/ERR458/ERR458935/ERR458935.fastq.gz	2	SA-PE-037	wt
ERR458936	ftp.sra.ebi.ac.uk/vol1/fastq/ERR458/ERR458936/ERR458936.fastq.gz	3	SA-PE-037	wt
ERR458937	ftp.sra.ebi.ac.uk/vol1/fastq/ERR458/ERR458937/ERR458937.fastq.gz	4	SA-PE-037	wt
ERR458938	ftp.sra.ebi.ac.uk/vol1/fastq/ERR458/ERR458938/ERR458938.fastq.gz	5	SA-PE-037	wt
ERR458939	ftp.sra.ebi.ac.uk/vol1/fastq/ERR458/ERR458939/ERR458939.fastq.gz	6	SA-PE-037	wt
ERR458940	ftp.sra.ebi.ac.uk/vol1/fastq/ERR458/ERR458940/ERR458940.fastq.gz	7	SA-PE-037	wt
ERR458941	ftp.sra.ebi.ac.uk/vol1/fastq/ERR458/ERR458941/ERR458941.fastq.gz	1	SA-PE-054	wt
ERR458942	ftp.sra.ebi.ac.uk/vol1/fastq/ERR458/ERR458942/ERR458942.fastq.gz	2	SA-PE-054	wt
ERR458943	ftp.sra.ebi.ac.uk/vol1/fastq/ERR458/ERR458943/ERR458943.fastq.gz	3	SA-PE-054	wt
ERR458944	ftp.sra.ebi.ac.uk/vol1/fastq/ERR458/ERR458944/ERR458944.fastq.gz	4	SA-PE-054	wt
ERR458945	ftp.sra.ebi.ac.uk/vol1/fastq/ERR458/ERR458945/ERR458945.fastq.gz	5	SA-PE-054	wt
ERR458946	ftp.sra.ebi.ac.uk/vol1/fastq/ERR458/ERR458946/ERR458946.fastq.gz	6	SA-PE-054	wt
ERR458947	ftp.sra.ebi.ac.uk/vol1/fastq/ERR458/ERR458947/ERR458947.fastq.gz	7	SA-PE-054	wt
ERR458948	ftp.sra.ebi.ac.uk/vol1/fastq/ERR458/ERR458948/ERR458948.fastq.gz	1	SA-PE-003	wt
ERR458949	ftp.sra.ebi.ac.uk/vol1/fastq/ERR458/ERR458949/ERR458949.fastq.gz	2	SA-PE-003	wt
ERR458950	ftp.sra.ebi.ac.uk/vol1/fastq/ERR458/ERR458950/ERR458950.fastq.gz	3	SA-PE-003	wt
ERR458951	ftp.sra.ebi.ac.uk/vol1/fastq/ERR458/ERR458951/ERR458951.fastq.gz	4	SA-PE-003	wt
ERR458952	ftp.sra.ebi.ac.uk/vol1/fastq/ERR458/ERR458952/ERR458952.fastq.gz	5	SA-PE-003	wt
ERR458953	ftp.sra.ebi.ac.uk/vol1/fastq/ERR458/ERR458953/ERR458953.fastq.gz	6	SA-PE-003	wt
ERR458954	ftp.sra.ebi.ac.uk/vol1/fastq/ERR458/ERR458954/ERR458954.fastq.gz	7	SA-PE-003	wt
ERR458955	ftp.sra.ebi.ac.uk/vol1/fastq/ERR458/ERR458955/ERR458955.fastq.gz	1	SA-PE-045	wt
ERR458956	ftp.sra.ebi.ac.uk/vol1/fastq/ERR458/ERR458956/ERR458956.fastq.gz	2	SA-PE-045	wt
ERR458957	ftp.sra.ebi.ac.uk/vol1/fastq/ERR458/ERR458957/ERR458957.fastq.gz	3	SA-PE-045	wt
ERR458958	ftp.sra.ebi.ac.uk/vol1/fastq/ERR458/ERR458958/ERR458958.fastq.gz	4	SA-PE-045	wt
ERR458959	ftp.sra.ebi.ac.uk/vol1/fastq/ERR458/ERR458959/ERR458959.fastq.gz	5	SA-PE-045	wt
ERR458960	ftp.sra.ebi.ac.uk/vol1/fastq/ERR458/ERR458960/ERR458960.fastq.gz	6	SA-PE-045	wt
ERR458961	ftp.sra.ebi.ac.uk/vol1/fastq/ERR458/ERR458961/ERR458961.fastq.gz	7	SA-PE-045	wt
ERR458962	ftp.sra.ebi.ac.uk/vol1/fastq/ERR458/ERR458962/ERR458962.fastq.gz	1	SA-PE-052	wt
ERR458963	ftp.sra.ebi.ac.uk/vol1/fastq/ERR458/ERR458963/ERR458963.fastq.gz	2	SA-PE-052	wt
ERR458964	ftp.sra.ebi.ac.uk/vol1/fastq/ERR458/ERR458964/ERR458964.fastq.gz	3	SA-PE-052	wt
ERR458965	ftp.sra.ebi.ac.uk/vol1/fastq/ERR458/ERR458965/ERR458965.fastq.gz	4	SA-PE-052	wt
ERR458966	ftp.sra.ebi.ac.uk/vol1/fastq/ERR458/ERR458966/ERR458966.fastq.gz	5	SA-PE-052	wt
ERR458967	ftp.sra.ebi.ac.uk/vol1/fastq/ERR458/ERR458967/ERR458967.fastq.gz	6	SA-PE-052	wt
ERR458968	ftp.sra.ebi.ac.uk/vol1/fastq/ERR458/ERR458968/ERR458968.fastq.gz	7	SA-PE-052	wt
ERR458969	ftp.sra.ebi.ac.uk/vol1/fastq/ERR458/ERR458969/ERR458969.fastq.gz	1	SA-PE-009	wt
ERR458970	ftp.sra.ebi.ac.uk/vol1/fastq/ERR458/ERR458970/ERR458970.fastq.gz	2	SA-PE-009	wt
ERR458971	ftp.sra.ebi.ac.uk/vol1/fastq/ERR458/ERR458971/ERR458971.fastq.gz	3	SA-PE-009	wt
ERR458972	ftp.sra.ebi.ac.uk/vol1/fastq/ERR458/ERR458972/ERR458972.fastq.gz	4	SA-PE-009	wt
ERR458973	ftp.sra.ebi.ac.uk/vol1/fastq/ERR458/ERR458973/ERR458973.fastq.gz	5	SA-PE-009	wt
ERR458974	ftp.sra.ebi.ac.uk/vol1/fastq/ERR458/ERR458974/ERR458974.fastq.gz	6	SA-PE-009	wt
ERR458975	ftp.sra.ebi.ac.uk/vol1/fastq/ERR458/ERR458975/ERR458975.fastq.gz	7	SA-PE-009	wt
ERR458976	ftp.sra.ebi.ac.uk/vol1/fastq/ERR458/ERR458976/ERR458976.fastq.gz	1	SA-PE-092	wt
ERR458977	ftp.sra.ebi.ac.uk/vol1/fastq/ERR458/ERR458977/ERR458977.fastq.gz	2	SA-PE-092	wt
ERR458978	ftp.sra.ebi.ac.uk/vol1/fastq/ERR458/ERR458978/ERR458978.fastq.gz	3	SA-PE-092	wt
ERR458979	ftp.sra.ebi.ac.uk/vol1/fastq/ERR458/ERR458979/ERR458979.fastq.gz	4	SA-PE-092	wt
ERR458980	ftp.sra.ebi.ac.uk/vol1/fastq/ERR458/ERR458980/ERR458980.fastq.gz	5	SA-PE-092	wt
ERR458981	ftp.sra.ebi.ac.uk/vol1/fastq/ERR458/ERR458981/ERR458981.fastq.gz	6	SA-PE-092	wt
ERR458982	ftp.sra.ebi.ac.uk/vol1/fastq/ERR458/ERR458982/ERR458982.fastq.gz	7	SA-PE-092	wt
ERR458983	ftp.sra.ebi.ac.uk/vol1/fastq/ERR458/ERR458983/ERR458983.fastq.gz	1	SA-PE-066	wt
ERR458984	ftp.sra.ebi.ac.uk/vol1/fastq/ERR458/ERR458984/ERR458984.fastq.gz	2	SA-PE-066	wt
ERR458985	ftp.sra.ebi.ac.uk/vol1/fastq/ERR458/ERR458985/ERR458985.fastq.gz	3	SA-PE-066	wt
ERR458986	ftp.sra.ebi.ac.uk/vol1/fastq/ERR458/ERR458986/ERR458986.fastq.gz	4	SA-PE-066	wt
ERR458987	ftp.sra.ebi.ac.uk/vol1/fastq/ERR458/ERR458987/ERR458987.fastq.gz	5	SA-PE-066	wt
ERR458988	ftp.sra.ebi.ac.uk/vol1/fastq/ERR458/ERR458988/ERR458988.fastq.gz	6	SA-PE-066	wt
ERR458989	ftp.sra.ebi.ac.uk/vol1/fastq/ERR458/ERR458989/ERR458989.fastq.gz	7	SA-PE-066	wt
ERR458990	ftp.sra.ebi.ac.uk/vol1/fastq/ERR458/ERR458990/ERR458990.fastq.gz	1	SA-PE-048	wt
ERR458991	ftp.sra.ebi.ac.uk/vol1/fastq/ERR458/ERR458991/ERR458991.fastq.gz	2	SA-PE-048	wt
ERR458992	ftp.sra.ebi.ac.uk/vol1/fastq/ERR458/ERR458992/ERR458992.fastq.gz	3	SA-PE-048	wt
ERR458993	ftp.sra.ebi.ac.uk/vol1/fastq/ERR458/ERR458993/ERR458993.fastq.gz	4	SA-PE-048	wt
ERR458994	ftp.sra.ebi.ac.uk/vol1/fastq/ERR458/ERR458994/ERR458994.fastq.gz	5	SA-PE-048	wt
ERR458995	ftp.sra.ebi.ac.uk/vol1/fastq/ERR458/ERR458995/ERR458995.fastq.gz	6	SA-PE-048	wt
ERR458996	ftp.sra.ebi.ac.uk/vol1/fastq/ERR458/ERR458996/ERR458996.fastq.gz	7	SA-PE-048	wt
ERR458997	ftp.sra.ebi.ac.uk/vol1/fastq/ERR458/ERR458997/ERR458997.fastq.gz	1	SA-PE-083	wt
ERR458998	ftp.sra.ebi.ac.uk/vol1/fastq/ERR458/ERR458998/ERR458998.fastq.gz	2	SA-PE-083	wt
ERR458999	ftp.sra.ebi.ac.uk/vol1/fastq/ERR458/ERR458999/ERR458999.fastq.gz	3	SA-PE-083	wt
ERR459000	ftp.sra.ebi.ac.uk/vol1/fastq/ERR459/ERR459000/ERR459000.fastq.gz	4	SA-PE-083	wt
ERR459001	ftp.sra.ebi.ac.uk/vol1/fastq/ERR459/ERR459001/ERR459001.fastq.gz	5	SA-PE-083	wt
ERR459002	ftp.sra.ebi.ac.uk/vol1/fastq/ERR459/ERR459002/ERR459002.fastq.gz	6	SA-PE-083	wt
ERR459003	ftp.sra.ebi.ac.uk/vol1/fastq/ERR459/ERR459003/ERR459003.fastq.gz	7	SA-PE-083	wt
ERR459004	ftp.sra.ebi.ac.uk/vol1/fastq/ERR459/ERR459004/ERR459004.fastq.gz	1	SA-PE-090	wt
ERR459005	ftp.sra.ebi.ac.uk/vol1/fastq/ERR459/ERR459005/ERR459005.fastq.gz	2	SA-PE-090	wt
ERR459006	ftp.sra.ebi.ac.uk/vol1/fastq/ERR459/ERR459006/ERR459006.fastq.gz	3	SA-PE-090	wt
ERR459007	ftp.sra.ebi.ac.uk/vol1/fastq/ERR459/ERR459007/ERR459007.fastq.gz	4	SA-PE-090	wt
ERR459008	ftp.sra.ebi.ac.uk/vol1/fastq/ERR459/ERR459008/ERR459008.fastq.gz	5	SA-PE-090	wt
ERR459009	ftp.sra.ebi.ac.uk/vol1/fastq/ERR459/ERR459009/ERR459009.fastq.gz	6	SA-PE-090	wt
ERR459010	ftp.sra.ebi.ac.uk/vol1/fastq/ERR459/ERR459010/ERR459010.fastq.gz	7	SA-PE-090	wt
ERR459011	ftp.sra.ebi.ac.uk/vol1/fastq/ERR459/ERR459011/ERR459011.fastq.gz	1	SA-PE-062	wt
ERR459012	ftp.sra.ebi.ac.uk/vol1/fastq/ERR459/ERR459012/ERR459012.fastq.gz	2	SA-PE-062	wt
ERR459013	ftp.sra.ebi.ac.uk/vol1/fastq/ERR459/ERR459013/ERR459013.fastq.gz	3	SA-PE-062	wt
ERR459014	ftp.sra.ebi.ac.uk/vol1/fastq/ERR459/ERR459014/ERR459014.fastq.gz	4	SA-PE-062	wt
ERR459015	ftp.sra.ebi.ac.uk/vol1/fastq/ERR459/ERR459015/ERR459015.fastq.gz	5	SA-PE-062	wt
ERR459016	ftp.sra.ebi.ac.uk/vol1/fastq/ERR459/ERR459016/ERR459016.fastq.gz	6	SA-PE-062	wt
ERR459017	ftp.sra.ebi.ac.uk/vol1/fastq/ERR459/ERR459017/ERR459017.fastq.gz	7	SA-PE-062	wt
ERR459018	ftp.sra.ebi.ac.uk/vol1/fastq/ERR459/ERR459018/ERR459018.fastq.gz	1	SA-PE-067	wt
ERR459019	ftp.sra.ebi.ac.uk/vol1/fastq/ERR459/ERR459019/ERR459019.fastq.gz	2	SA-PE-067	wt
ERR459020	ftp.sra.ebi.ac.uk/vol1/fastq/ERR459/ERR459020/ERR459020.fastq.gz	3	SA-PE-067	wt
ERR459021	ftp.sra.ebi.ac.uk/vol1/fastq/ERR459/ERR459021/ERR459021.fastq.gz	4	SA-PE-067	wt
ERR459022	ftp.sra.ebi.ac.uk/vol1/fastq/ERR459/ERR459022/ERR459022.fastq.gz	5	SA-PE-067	wt
ERR459023	ftp.sra.ebi.ac.uk/vol1/fastq/ERR459/ERR459023/ERR459023.fastq.gz	6	SA-PE-067	wt
ERR459024	ftp.sra.ebi.ac.uk/vol1/fastq/ERR459/ERR459024/ERR459024.fastq.gz	7	SA-PE-067	wt
ERR459025	ftp.sra.ebi.ac.uk/vol1/fastq/ERR459/ERR459025/ERR459025.fastq.gz	1	SA-PE-036	wt
ERR459026	ftp.sra.ebi.ac.uk/vol1/fastq/ERR459/ERR459026/ERR459026.fastq.gz	2	SA-PE-036	wt
ERR459027	ftp.sra.ebi.ac.uk/vol1/fastq/ERR459/ERR459027/ERR459027.fastq.gz	3	SA-PE-036	wt
ERR459028	ftp.sra.ebi.ac.uk/vol1/fastq/ERR459/ERR459028/ERR459028.fastq.gz	4	SA-PE-036	wt
ERR459029	ftp.sra.ebi.ac.uk/vol1/fastq/ERR459/ERR459029/ERR459029.fastq.gz	5	SA-PE-036	wt
ERR459030	ftp.sra.ebi.ac.uk/vol1/fastq/ERR459/ERR459030/ERR459030.fastq.gz	6	SA-PE-036	wt
ERR459031	ftp.sra.ebi.ac.uk/vol1/fastq/ERR459/ERR459031/ERR459031.fastq.gz	7	SA-PE-036	wt
ERR459032	ftp.sra.ebi.ac.uk/vol1/fastq/ERR459/ERR459032/ERR459032.fastq.gz	1	SA-PE-069	wt
ERR459033	ftp.sra.ebi.ac.uk/vol1/fastq/ERR459/ERR459033/ERR459033.fastq.gz	2	SA-PE-069	wt
ERR459034	ftp.sra.ebi.ac.uk/vol1/fastq/ERR459/ERR459034/ERR459034.fastq.gz	3	SA-PE-069	wt
ERR459035	ftp.sra.ebi.ac.uk/vol1/fastq/ERR459/ERR459035/ERR459035.fastq.gz	4	SA-PE-069	wt
ERR459036	ftp.sra.ebi.ac.uk/vol1/fastq/ERR459/ERR459036/ERR459036.fastq.gz	5	SA-PE-069	wt
ERR459037	ftp.sra.ebi.ac.uk/vol1/fastq/ERR459/ERR459037/ERR459037.fastq.gz	6	SA-PE-069	wt
ERR459038	ftp.sra.ebi.ac.uk/vol1/fastq/ERR459/ERR459038/ERR459038.fastq.gz	7	SA-PE-069	wt
ERR459039	ftp.sra.ebi.ac.uk/vol1/fastq/ERR459/ERR459039/ERR459039.fastq.gz	1	SA-PE-061	wt
ERR459040	ftp.sra.ebi.ac.uk/vol1/fastq/ERR459/ERR459040/ERR459040.fastq.gz	2	SA-PE-061	wt
ERR459041	ftp.sra.ebi.ac.uk/vol1/fastq/ERR459/ERR459041/ERR459041.fastq.gz	3	SA-PE-061	wt
ERR459042	ftp.sra.ebi.ac.uk/vol1/fastq/ERR459/ERR459042/ERR459042.fastq.gz	4	SA-PE-061	wt
ERR459043	ftp.sra.ebi.ac.uk/vol1/fastq/ERR459/ERR459043/ERR459043.fastq.gz	5	SA-PE-061	wt
ERR459044	ftp.sra.ebi.ac.uk/vol1/fastq/ERR459/ERR459044/ERR459044.fastq.gz	6	SA-PE-061	wt
ERR459045	ftp.sra.ebi.ac.uk/vol1/fastq/ERR459/ERR459045/ERR459045.fastq.gz	7	SA-PE-061	wt
ERR459046	ftp.sra.ebi.ac.uk/vol1/fastq/ERR459/ERR459046/ERR459046.fastq.gz	1	SA-PE-008	wt
ERR459047	ftp.sra.ebi.ac.uk/vol1/fastq/ERR459/ERR459047/ERR459047.fastq.gz	2	SA-PE-008	wt
ERR459048	ftp.sra.ebi.ac.uk/vol1/fastq/ERR459/ERR459048/ERR459048.fastq.gz	3	SA-PE-008	wt
ERR459049	ftp.sra.ebi.ac.uk/vol1/fastq/ERR459/ERR459049/ERR459049.fastq.gz	4	SA-PE-008	wt
ERR459050	ftp.sra.ebi.ac.uk/vol1/fastq/ERR459/ERR459050/ERR459050.fastq.gz	5	SA-PE-008	wt
ERR459051	ftp.sra.ebi.ac.uk/vol1/fastq/ERR459/ERR459051/ERR459051.fastq.gz	6	SA-PE-008	wt
ERR459052	ftp.sra.ebi.ac.uk/vol1/fastq/ERR459/ERR459052/ERR459052.fastq.gz	7	SA-PE-008	wt
ERR459053	ftp.sra.ebi.ac.uk/vol1/fastq/ERR459/ERR459053/ERR459053.fastq.gz	1	SA-PE-041	wt
ERR459054	ftp.sra.ebi.ac.uk/vol1/fastq/ERR459/ERR459054/ERR459054.fastq.gz	2	SA-PE-041	wt
ERR459055	ftp.sra.ebi.ac.uk/vol1/fastq/ERR459/ERR459055/ERR459055.fastq.gz	3	SA-PE-041	wt
ERR459056	ftp.sra.ebi.ac.uk/vol1/fastq/ERR459/ERR459056/ERR459056.fastq.gz	4	SA-PE-041	wt
ERR459057	ftp.sra.ebi.ac.uk/vol1/fastq/ERR459/ERR459057/ERR459057.fastq.gz	5	SA-PE-041	wt
ERR459058	ftp.sra.ebi.ac.uk/vol1/fastq/ERR459/ERR459058/ERR459058.fastq.gz	6	SA-PE-041	wt
ERR459059	ftp.sra.ebi.ac.uk/vol1/fastq/ERR459/ERR459059/ERR459059.fastq.gz	7	SA-PE-041	wt
ERR459060	ftp.sra.ebi.ac.uk/vol1/fastq/ERR459/ERR459060/ERR459060.fastq.gz	1	SA-PE-064	wt
ERR459061	ftp.sra.ebi.ac.uk/vol1/fastq/ERR459/ERR459061/ERR459061.fastq.gz	2	SA-PE-064	wt
ERR459062	ftp.sra.ebi.ac.uk/vol1/fastq/ERR459/ERR459062/ERR459062.fastq.gz	3	SA-PE-064	wt
ERR459063	ftp.sra.ebi.ac.uk/vol1/fastq/ERR459/ERR459063/ERR459063.fastq.gz	4	SA-PE-064	wt
ERR459064	ftp.sra.ebi.ac.uk/vol1/fastq/ERR459/ERR459064/ERR459064.fastq.gz	5	SA-PE-064	wt
ERR459065	ftp.sra.ebi.ac.uk/vol1/fastq/ERR459/ERR459065/ERR459065.fastq.gz	6	SA-PE-064	wt
ERR459066	ftp.sra.ebi.ac.uk/vol1/fastq/ERR459/ERR459066/ERR459066.fastq.gz	7	SA-PE-064	wt
ERR459067	ftp.sra.ebi.ac.uk/vol1/fastq/ERR459/ERR459067/ERR459067.fastq.gz	1	SA-PE-068	wt
ERR459068	ftp.sra.ebi.ac.uk/vol1/fastq/ERR459/ERR459068/ERR459068.fastq.gz	2	SA-PE-068	wt
ERR459069	ftp.sra.ebi.ac.uk/vol1/fastq/ERR459/ERR459069/ERR459069.fastq.gz	3	SA-PE-068	wt
ERR459070	ftp.sra.ebi.ac.uk/vol1/fastq/ERR459/ERR459070/ERR459070.fastq.gz	4	SA-PE-068	wt
ERR459071	ftp.sra.ebi.ac.uk/vol1/fastq/ERR459/ERR459071/ERR459071.fastq.gz	5	SA-PE-068	wt
ERR459072	ftp.sra.ebi.ac.uk/vol1/fastq/ERR459/ERR459072/ERR459072.fastq.gz	6	SA-PE-068	wt
ERR459073	ftp.sra.ebi.ac.uk/vol1/fastq/ERR459/ERR459073/ERR459073.fastq.gz	7	SA-PE-068	wt
ERR459074	ftp.sra.ebi.ac.uk/vol1/fastq/ERR459/ERR459074/ERR459074.fastq.gz	1	SA-PE-027	wt
ERR459075	ftp.sra.ebi.ac.uk/vol1/fastq/ERR459/ERR459075/ERR459075.fastq.gz	2	SA-PE-027	wt
ERR459076	ftp.sra.ebi.ac.uk/vol1/fastq/ERR459/ERR459076/ERR459076.fastq.gz	3	SA-PE-027	wt
ERR459077	ftp.sra.ebi.ac.uk/vol1/fastq/ERR459/ERR459077/ERR459077.fastq.gz	4	SA-PE-027	wt
ERR459078	ftp.sra.ebi.ac.uk/vol1/fastq/ERR459/ERR459078/ERR459078.fastq.gz	5	SA-PE-027	wt
ERR459079	ftp.sra.ebi.ac.uk/vol1/fastq/ERR459/ERR459079/ERR459079.fastq.gz	6	SA-PE-027	wt
ERR459080	ftp.sra.ebi.ac.uk/vol1/fastq/ERR459/ERR459080/ERR459080.fastq.gz	7	SA-PE-027	wt
ERR459081	ftp.sra.ebi.ac.uk/vol1/fastq/ERR459/ERR459081/ERR459081.fastq.gz	1	SA-PE-043	wt
ERR459082	ftp.sra.ebi.ac.uk/vol1/fastq/ERR459/ERR459082/ERR459082.fastq.gz	2	SA-PE-043	wt
ERR459083	ftp.sra.ebi.ac.uk/vol1/fastq/ERR459/ERR459083/ERR459083.fastq.gz	3	SA-PE-043	wt
ERR459084	ftp.sra.ebi.ac.uk/vol1/fastq/ERR459/ERR459084/ERR459084.fastq.gz	4	SA-PE-043	wt
ERR459085	ftp.sra.ebi.ac.uk/vol1/fastq/ERR459/ERR459085/ERR459085.fastq.gz	5	SA-PE-043	wt
ERR459086	ftp.sra.ebi.ac.uk/vol1/fastq/ERR459/ERR459086/ERR459086.fastq.gz	6	SA-PE-043	wt
ERR459087	ftp.sra.ebi.ac.uk/vol1/fastq/ERR459/ERR459087/ERR459087.fastq.gz	7	SA-PE-043	wt
ERR459088	ftp.sra.ebi.ac.uk/vol1/fastq/ERR459/ERR459088/ERR459088.fastq.gz	1	SA-PE-095	wt
ERR459089	ftp.sra.ebi.ac.uk/vol1/fastq/ERR459/ERR459089/ERR459089.fastq.gz	2	SA-PE-095	wt
ERR459090	ftp.sra.ebi.ac.uk/vol1/fastq/ERR459/ERR459090/ERR459090.fastq.gz	3	SA-PE-095	wt
ERR459091	ftp.sra.ebi.ac.uk/vol1/fastq/ERR459/ERR459091/ERR459091.fastq.gz	4	SA-PE-095	wt
ERR459092	ftp.sra.ebi.ac.uk/vol1/fastq/ERR459/ERR459092/ERR459092.fastq.gz	5	SA-PE-095	wt
ERR459093	ftp.sra.ebi.ac.uk/vol1/fastq/ERR459/ERR459093/ERR459093.fastq.gz	6	SA-PE-095	wt
ERR459094	ftp.sra.ebi.ac.uk/vol1/fastq/ERR459/ERR459094/ERR459094.fastq.gz	7	SA-PE-095	wt
ERR459095	ftp.sra.ebi.ac.uk/vol1/fastq/ERR459/ERR459095/ERR459095.fastq.gz	1	SA-PE-088	wt
ERR459096	ftp.sra.ebi.ac.uk/vol1/fastq/ERR459/ERR459096/ERR459096.fastq.gz	2	SA-PE-088	wt
ERR459097	ftp.sra.ebi.ac.uk/vol1/fastq/ERR459/ERR459097/ERR459097.fastq.gz	3	SA-PE-088	wt
ERR459098	ftp.sra.ebi.ac.uk/vol1/fastq/ERR459/ERR459098/ERR459098.fastq.gz	4	SA-PE-088	wt
ERR459099	ftp.sra.ebi.ac.uk/vol1/fastq/ERR459/ERR459099/ERR459099.fastq.gz	5	SA-PE-088	wt
ERR459100	ftp.sra.ebi.ac.uk/vol1/fastq/ERR459/ERR459100/ERR459100.fastq.gz	6	SA-PE-088	wt
ERR459101	ftp.sra.ebi.ac.uk/vol1/fastq/ERR459/ERR459101/ERR459101.fastq.gz	7	SA-PE-088	wt
ERR459102	ftp.sra.ebi.ac.uk/vol1/fastq/ERR459/ERR459102/ERR459102.fastq.gz	1	SA-PE-076	wt
ERR459103	ftp.sra.ebi.ac.uk/vol1/fastq/ERR459/ERR459103/ERR459103.fastq.gz	2	SA-PE-076	wt
ERR459104	ftp.sra.ebi.ac.uk/vol1/fastq/ERR459/ERR459104/ERR459104.fastq.gz	3	SA-PE-076	wt
ERR459105	ftp.sra.ebi.ac.uk/vol1/fastq/ERR459/ERR459105/ERR459105.fastq.gz	4	SA-PE-076	wt
ERR459106	ftp.sra.ebi.ac.uk/vol1/fastq/ERR459/ERR459106/ERR459106.fastq.gz	5	SA-PE-076	wt
ERR459107	ftp.sra.ebi.ac.uk/vol1/fastq/ERR459/ERR459107/ERR459107.fastq.gz	6	SA-PE-076	wt
ERR459108	ftp.sra.ebi.ac.uk/vol1/fastq/ERR459/ERR459108/ERR459108.fastq.gz	7	SA-PE-076	wt
ERR459109	ftp.sra.ebi.ac.uk/vol1/fastq/ERR459/ERR459109/ERR459109.fastq.gz	1	SA-PE-032	wt
ERR459110	ftp.sra.ebi.ac.uk/vol1/fastq/ERR459/ERR459110/ERR459110.fastq.gz	2	SA-PE-032	wt
ERR459111	ftp.sra.ebi.ac.uk/vol1/fastq/ERR459/ERR459111/ERR459111.fastq.gz	3	SA-PE-032	wt
ERR459112	ftp.sra.ebi.ac.uk/vol1/fastq/ERR459/ERR459112/ERR459112.fastq.gz	4	SA-PE-032	wt
ERR459113	ftp.sra.ebi.ac.uk/vol1/fastq/ERR459/ERR459113/ERR459113.fastq.gz	5	SA-PE-032	wt
ERR459114	ftp.sra.ebi.ac.uk/vol1/fastq/ERR459/ERR459114/ERR459114.fastq.gz	6	SA-PE-032	wt
ERR459115	ftp.sra.ebi.ac.uk/vol1/fastq/ERR459/ERR459115/ERR459115.fastq.gz	7	SA-PE-032	wt
ERR459116	ftp.sra.ebi.ac.uk/vol1/fastq/ERR459/ERR459116/ERR459116.fastq.gz	1	SA-PE-063	wt
ERR459117	ftp.sra.ebi.ac.uk/vol1/fastq/ERR459/ERR459117/ERR459117.fastq.gz	2	SA-PE-063	wt
ERR459118	ftp.sra.ebi.ac.uk/vol1/fastq/ERR459/ERR459118/ERR459118.fastq.gz	3	SA-PE-063	wt
ERR459119	ftp.sra.ebi.ac.uk/vol1/fastq/ERR459/ERR459119/ERR459119.fastq.gz	4	SA-PE-063	wt
ERR459120	ftp.sra.ebi.ac.uk/vol1/fastq/ERR459/ERR459120/ERR459120.fastq.gz	5	SA-PE-063	wt
ERR459121	ftp.sra.ebi.ac.uk/vol1/fastq/ERR459/ERR459121/ERR459121.fastq.gz	6	SA-PE-063	wt
ERR459122	ftp.sra.ebi.ac.uk/vol1/fastq/ERR459/ERR459122/ERR459122.fastq.gz	7	SA-PE-063	wt
ERR459123	ftp.sra.ebi.ac.uk/vol1/fastq/ERR459/ERR459123/ERR459123.fastq.gz	1	SA-PE-007	wt
ERR459124	ftp.sra.ebi.ac.uk/vol1/fastq/ERR459/ERR459124/ERR459124.fastq.gz	2	SA-PE-007	wt
ERR459125	ftp.sra.ebi.ac.uk/vol1/fastq/ERR459/ERR459125/ERR459125.fastq.gz	3	SA-PE-007	wt
ERR459126	ftp.sra.ebi.ac.uk/vol1/fastq/ERR459/ERR459126/ERR459126.fastq.gz	4	SA-PE-007	wt
ERR459127	ftp.sra.ebi.ac.uk/vol1/fastq/ERR459/ERR459127/ERR459127.fastq.gz	5	SA-PE-007	wt
ERR459128	ftp.sra.ebi.ac.uk/vol1/fastq/ERR459/ERR459128/ERR459128.fastq.gz	6	SA-PE-007	wt
ERR459129	ftp.sra.ebi.ac.uk/vol1/fastq/ERR459/ERR459129/ERR459129.fastq.gz	7	SA-PE-007	wt
ERR459130	ftp.sra.ebi.ac.uk/vol1/fastq/ERR459/ERR459130/ERR459130.fastq.gz	1	SA-PE-087	wt
ERR459131	ftp.sra.ebi.ac.uk/vol1/fastq/ERR459/ERR459131/ERR459131.fastq.gz	2	SA-PE-087	wt
ERR459132	ftp.sra.ebi.ac.uk/vol1/fastq/ERR459/ERR459132/ERR459132.fastq.gz	3	SA-PE-087	wt
ERR459133	ftp.sra.ebi.ac.uk/vol1/fastq/ERR459/ERR459133/ERR459133.fastq.gz	4	SA-PE-087	wt
ERR459134	ftp.sra.ebi.ac.uk/vol1/fastq/ERR459/ERR459134/ERR459134.fastq.gz	5	SA-PE-087	wt
ERR459135	ftp.sra.ebi.ac.uk/vol1/fastq/ERR459/ERR459135/ERR459135.fastq.gz	6	SA-PE-087	wt
ERR459136	ftp.sra.ebi.ac.uk/vol1/fastq/ERR459/ERR459136/ERR459136.fastq.gz	7	SA-PE-087	wt
ERR459137	ftp.sra.ebi.ac.uk/vol1/fastq/ERR459/ERR459137/ERR459137.fastq.gz	1	SA-PE-005	wt
ERR459138	ftp.sra.ebi.ac.uk/vol1/fastq/ERR459/ERR459138/ERR459138.fastq.gz	2	SA-PE-005	wt
ERR459139	ftp.sra.ebi.ac.uk/vol1/fastq/ERR459/ERR459139/ERR459139.fastq.gz	3	SA-PE-005	wt
ERR459140	ftp.sra.ebi.ac.uk/vol1/fastq/ERR459/ERR459140/ERR459140.fastq.gz	4	SA-PE-005	wt
ERR459141	ftp.sra.ebi.ac.uk/vol1/fastq/ERR459/ERR459141/ERR459141.fastq.gz	5	SA-PE-005	wt
ERR459142	ftp.sra.ebi.ac.uk/vol1/fastq/ERR459/ERR459142/ERR459142.fastq.gz	6	SA-PE-005	wt
ERR459143	ftp.sra.ebi.ac.uk/vol1/fastq/ERR459/ERR459143/ERR459143.fastq.gz	7	SA-PE-005	wt
ERR459144	ftp.sra.ebi.ac.uk/vol1/fastq/ERR459/ERR459144/ERR459144.fastq.gz	1	SA-PE-018	wt
ERR459145	ftp.sra.ebi.ac.uk/vol1/fastq/ERR459/ERR459145/ERR459145.fastq.gz	2	SA-PE-018	wt
ERR459146	ftp.sra.ebi.ac.uk/vol1/fastq/ERR459/ERR459146/ERR459146.fastq.gz	3	SA-PE-018	wt
ERR459147	ftp.sra.ebi.ac.uk/vol1/fastq/ERR459/ERR459147/ERR459147.fastq.gz	4	SA-PE-018	wt
ERR459148	ftp.sra.ebi.ac.uk/vol1/fastq/ERR459/ERR459148/ERR459148.fastq.gz	5	SA-PE-018	wt
ERR459149	ftp.sra.ebi.ac.uk/vol1/fastq/ERR459/ERR459149/ERR459149.fastq.gz	6	SA-PE-018	wt
ERR459150	ftp.sra.ebi.ac.uk/vol1/fastq/ERR459/ERR459150/ERR459150.fastq.gz	7	SA-PE-018	wt
ERR459151	ftp.sra.ebi.ac.uk/vol1/fastq/ERR459/ERR459151/ERR459151.fastq.gz	1	SA-PE-013	wt
ERR459152	ftp.sra.ebi.ac.uk/vol1/fastq/ERR459/ERR459152/ERR459152.fastq.gz	2	SA-PE-013	wt
ERR459153	ftp.sra.ebi.ac.uk/vol1/fastq/ERR459/ERR459153/ERR459153.fastq.gz	3	SA-PE-013	wt
ERR459154	ftp.sra.ebi.ac.uk/vol1/fastq/ERR459/ERR459154/ERR459154.fastq.gz	4	SA-PE-013	wt
ERR459155	ftp.sra.ebi.ac.uk/vol1/fastq/ERR459/ERR459155/ERR459155.fastq.gz	5	SA-PE-013	wt
ERR459156	ftp.sra.ebi.ac.uk/vol1/fastq/ERR459/ERR459156/ERR459156.fastq.gz	6	SA-PE-013	wt
ERR459157	ftp.sra.ebi.ac.uk/vol1/fastq/ERR459/ERR459157/ERR459157.fastq.gz	7	SA-PE-013	wt
ERR459158	ftp.sra.ebi.ac.uk/vol1/fastq/ERR459/ERR459158/ERR459158.fastq.gz	1	SA-PE-010	wt
ERR459159	ftp.sra.ebi.ac.uk/vol1/fastq/ERR459/ERR459159/ERR459159.fastq.gz	2	SA-PE-010	wt
ERR459160	ftp.sra.ebi.ac.uk/vol1/fastq/ERR459/ERR459160/ERR459160.fastq.gz	3	SA-PE-010	wt
ERR459161	ftp.sra.ebi.ac.uk/vol1/fastq/ERR459/ERR459161/ERR459161.fastq.gz	4	SA-PE-010	wt
ERR459162	ftp.sra.ebi.ac.uk/vol1/fastq/ERR459/ERR459162/ERR459162.fastq.gz	5	SA-PE-010	wt
ERR459163	ftp.sra.ebi.ac.uk/vol1/fastq/ERR459/ERR459163/ERR459163.fastq.gz	6	SA-PE-010	wt
ERR459164	ftp.sra.ebi.ac.uk/vol1/fastq/ERR459/ERR459164/ERR459164.fastq.gz	7	SA-PE-010	wt
ERR459165	ftp.sra.ebi.ac.uk/vol1/fastq/ERR459/ERR459165/ERR459165.fastq.gz	1	SA-PE-049	wt
ERR459166	ftp.sra.ebi.ac.uk/vol1/fastq/ERR459/ERR459166/ERR459166.fastq.gz	2	SA-PE-049	wt
ERR459167	ftp.sra.ebi.ac.uk/vol1/fastq/ERR459/ERR459167/ERR459167.fastq.gz	3	SA-PE-049	wt
ERR459168	ftp.sra.ebi.ac.uk/vol1/fastq/ERR459/ERR459168/ERR459168.fastq.gz	4	SA-PE-049	wt
ERR459169	ftp.sra.ebi.ac.uk/vol1/fastq/ERR459/ERR459169/ERR459169.fastq.gz	5	SA-PE-049	wt
ERR459170	ftp.sra.ebi.ac.uk/vol1/fastq/ERR459/ERR459170/ERR459170.fastq.gz	6	SA-PE-049	wt
ERR459171	ftp.sra.ebi.ac.uk/vol1/fastq/ERR459/ERR459171/ERR459171.fastq.gz	7	SA-PE-049	wt
ERR459172	ftp.sra.ebi.ac.uk/vol1/fastq/ERR459/ERR459172/ERR459172.fastq.gz	1	SA-PE-022	wt
ERR459173	ftp.sra.ebi.ac.uk/vol1/fastq/ERR459/ERR459173/ERR459173.fastq.gz	2	SA-PE-022	wt
ERR459174	ftp.sra.ebi.ac.uk/vol1/fastq/ERR459/ERR459174/ERR459174.fastq.gz	3	SA-PE-022	wt
ERR459175	ftp.sra.ebi.ac.uk/vol1/fastq/ERR459/ERR459175/ERR459175.fastq.gz	4	SA-PE-022	wt
ERR459176	ftp.sra.ebi.ac.uk/vol1/fastq/ERR459/ERR459176/ERR459176.fastq.gz	5	SA-PE-022	wt
ERR459177	ftp.sra.ebi.ac.uk/vol1/fastq/ERR459/ERR459177/ERR459177.fastq.gz	6	SA-PE-022	wt
ERR459178	ftp.sra.ebi.ac.uk/vol1/fastq/ERR459/ERR459178/ERR459178.fastq.gz	7	SA-PE-022	wt
ERR459179	ftp.sra.ebi.ac.uk/vol1/fastq/ERR459/ERR459179/ERR459179.fastq.gz	1	SA-PE-044	wt
ERR459180	ftp.sra.ebi.ac.uk/vol1/fastq/ERR459/ERR459180/ERR459180.fastq.gz	2	SA-PE-044	wt
ERR459181	ftp.sra.ebi.ac.uk/vol1/fastq/ERR459/ERR459181/ERR459181.fastq.gz	3	SA-PE-044	wt
ERR459182	ftp.sra.ebi.ac.uk/vol1/fastq/ERR459/ERR459182/ERR459182.fastq.gz	4	SA-PE-044	wt
ERR459183	ftp.sra.ebi.ac.uk/vol1/fastq/ERR459/ERR459183/ERR459183.fastq.gz	5	SA-PE-044	wt
ERR459184	ftp.sra.ebi.ac.uk/vol1/fastq/ERR459/ERR459184/ERR459184.fastq.gz	6	SA-PE-044	wt
ERR459185	ftp.sra.ebi.ac.uk/vol1/fastq/ERR459/ERR459185/ERR459185.fastq.gz	7	SA-PE-044	wt
ERR459186	ftp.sra.ebi.ac.uk/vol1/fastq/ERR459/ERR459186/ERR459186.fastq.gz	1	SA-PE-094	wt
ERR459187	ftp.sra.ebi.ac.uk/vol1/fastq/ERR459/ERR459187/ERR459187.fastq.gz	2	SA-PE-094	wt
ERR459188	ftp.sra.ebi.ac.uk/vol1/fastq/ERR459/ERR459188/ERR459188.fastq.gz	3	SA-PE-094	wt
ERR459189	ftp.sra.ebi.ac.uk/vol1/fastq/ERR459/ERR459189/ERR459189.fastq.gz	4	SA-PE-094	wt
ERR459190	ftp.sra.ebi.ac.uk/vol1/fastq/ERR459/ERR459190/ERR459190.fastq.gz	5	SA-PE-094	wt
ERR459191	ftp.sra.ebi.ac.uk/vol1/fastq/ERR459/ERR459191/ERR459191.fastq.gz	6	SA-PE-094	wt
ERR459192	ftp.sra.ebi.ac.uk/vol1/fastq/ERR459/ERR459192/ERR459192.fastq.gz	7	SA-PE-094	wt
ERR459193	ftp.sra.ebi.ac.uk/vol1/fastq/ERR459/ERR459193/ERR459193.fastq.gz	1	SA-PE-017	wt
ERR459194	ftp.sra.ebi.ac.uk/vol1/fastq/ERR459/ERR459194/ERR459194.fastq.gz	2	SA-PE-017	wt
ERR459195	ftp.sra.ebi.ac.uk/vol1/fastq/ERR459/ERR459195/ERR459195.fastq.gz	3	SA-PE-017	wt
ERR459196	ftp.sra.ebi.ac.uk/vol1/fastq/ERR459/ERR459196/ERR459196.fastq.gz	4	SA-PE-017	wt
ERR459197	ftp.sra.ebi.ac.uk/vol1/fastq/ERR459/ERR459197/ERR459197.fastq.gz	5	SA-PE-017	wt
ERR459198	ftp.sra.ebi.ac.uk/vol1/fastq/ERR459/ERR459198/ERR459198.fastq.gz	6	SA-PE-017	wt
ERR459199	ftp.sra.ebi.ac.uk/vol1/fastq/ERR459/ERR459199/ERR459199.fastq.gz	7	SA-PE-017	wt
ERR459200	ftp.sra.ebi.ac.uk/vol1/fastq/ERR459/ERR459200/ERR459200.fastq.gz	1	SA-PE-085	wt
ERR459201	ftp.sra.ebi.ac.uk/vol1/fastq/ERR459/ERR459201/ERR459201.fastq.gz	2	SA-PE-085	wt
ERR459202	ftp.sra.ebi.ac.uk/vol1/fastq/ERR459/ERR459202/ERR459202.fastq.gz	3	SA-PE-085	wt
ERR459203	ftp.sra.ebi.ac.uk/vol1/fastq/ERR459/ERR459203/ERR459203.fastq.gz	4	SA-PE-085	wt
ERR459204	ftp.sra.ebi.ac.uk/vol1/fastq/ERR459/ERR459204/ERR459204.fastq.gz	5	SA-PE-085	wt
ERR459205	ftp.sra.ebi.ac.uk/vol1/fastq/ERR459/ERR459205/ERR459205.fastq.gz	6	SA-PE-085	wt
ERR459206	ftp.sra.ebi.ac.uk/vol1/fastq/ERR459/ERR459206/ERR459206.fastq.gz	7	SA-PE-085	wt
